id,college_name,city,state,college_type,ownership,year_established,total_pg_seats,key_specialties,short_description,is_active,created_at,updated_at,image_url
001a3806-3a88-427f-8b03-af14eec5536c,Alluri Sitarama Raju Academy of Medical Sciences,Eluru,Andhra Pradesh,Private,Trust,2000,130,"[""MD Medicine"",""MS Surgery"",""MD Radiology""]",A recognized private institution with consistent academic results.,true,2026-04-21 11:57:14.097368+00,2026-04-21 12:10:36.822416+00,https://images.unsplash.com/photo-1586773860418-d37222d8fce2?q=80&w=1000&auto=format&fit=crop
006e5dee-30e9-403e-a2e4-5e72c6471567,Nalanda Medical College,Patna,Bihar,Government,State Govt,1970,150,"[""MD Medicine"",""MS Orthopedics"",""MD Anesthesia""]",A major government college in Patna with significant patient inflow.,true,2026-04-21 11:57:14.097368+00,2026-04-21 12:10:36.822416+00,https://images.unsplash.com/photo-1519494026892-80bbd2d6fd0d?q=80&w=1000&auto=format&fit=crop
00aa28a2-70c6-4763-80f7-7872698b991b,Regional Institute of Medical Sciences,Imphal,Manipur,Government,Central Govt,1972,150,"[""MD General Medicine"",""MS General Surgery"",""MD Pediatrics""]",A premier centrally funded institute in Northeast India.,true,2026-04-21 11:57:14.097368+00,2026-04-21 12:10:36.822416+00,https://images.unsplash.com/photo-1579684385127-1ef15d508118?q=80&w=1000&auto=format&fit=crop
0421d124-ecd0-4c9d-b895-e670e5039ead,Dr. DY Patil Medical College Pune,Pune,Maharashtra,Deemed,Deemed University,1996,220,"[""MD Medicine"",""MS Surgery"",""MD Radiology""]",A well-known deemed university.,true,2026-04-21 11:57:14.097368+00,2026-04-21 12:10:36.822416+00,https://images.unsplash.com/photo-1586773860418-d37222d8fce2?q=80&w=1000&auto=format&fit=crop
04bb79dd-c62b-4e03-9681-76d25a4e4d9d,Kempegowda Institute of Medical Sciences,Bengaluru,Karnataka,Private,Trust,1980,180,"[""MD Medicine"",""MS Surgery"",""MD Pediatrics""]",A well-established private institution with strong academic results.,true,2026-04-21 11:57:14.097368+00,2026-04-21 12:10:36.822416+00,https://images.unsplash.com/photo-1516549655169-df83a0774514?q=80&w=1000&auto=format&fit=crop
053bdb90-cffb-4004-ab76-f777c3d8eb06,Jawaharlal Nehru Institute of Medical Sciences,Imphal,Manipur,Government,State Govt,2010,100,"[""MD Medicine"",""MS Surgery"",""MD Community Medicine""]",A leading state government medical college.,true,2026-04-21 11:57:14.097368+00,2026-04-21 12:10:36.822416+00,https://images.unsplash.com/photo-1519494026892-80bbd2d6fd0d?q=80&w=1000&auto=format&fit=crop
05bf6bc5-0dfc-4a30-a5ec-eccb65553fab,Jawaharlal Nehru Medical College Wardha,Wardha,Maharashtra,Deemed,Deemed University,1990,180,"[""MD Medicine"",""MS Surgery"",""MD Radiology""]",Part of Datta Meghe Institute.,true,2026-04-21 11:57:14.097368+00,2026-04-21 12:10:36.822416+00,https://images.unsplash.com/photo-1519494026892-80bbd2d6fd0d?q=80&w=1000&auto=format&fit=crop
061caf5b-0994-418e-bf79-3cda170e07bf,Akash Institute of Medical Sciences,Bengaluru,Karnataka,Private,Trust,2016,80,"[""MD Medicine"",""MS Surgery"",""MD Community Medicine""]",A newer private college with modern facilities.,true,2026-04-21 11:57:14.097368+00,2026-04-21 12:10:36.822416+00,https://images.unsplash.com/photo-1579684385127-1ef15d508118?q=80&w=1000&auto=format&fit=crop
0cceca79-d8db-4fc5-8eb9-f26e23b4bca9,NEIGRIHMS,Shillong,Meghalaya,Government,Central Govt,2008,120,"[""MD General Medicine"",""MS General Surgery"",""MD Pediatrics""]",A premier central government institute serving the Northeast region.,true,2026-04-21 11:57:14.097368+00,2026-04-21 12:10:36.822416+00,https://images.unsplash.com/photo-1516549655169-df83a0774514?q=80&w=1000&auto=format&fit=crop
0e0eed0b-7a9a-4f12-9f40-bc42e64265da,Krishna Institute of Medical Sciences,Karad,Maharashtra,Deemed,Deemed University,1984,200,"[""MD Medicine"",""MS Surgery"",""MD Pediatrics""]",A reputed deemed university.,true,2026-04-21 11:57:14.097368+00,2026-04-21 12:10:36.822416+00,https://images.unsplash.com/photo-1579684385127-1ef15d508118?q=80&w=1000&auto=format&fit=crop
0edc3fc5-ef62-45b1-a320-d584c313ea02,AIIMS Rishikesh,Rishikesh,Uttarakhand,Government,Central Govt (INI),2012,150,"[""MD General Medicine"",""MS General Surgery"",""MD Radiology""]",An Institute of National Importance with strong academic ecosystem.,true,2026-04-21 11:57:14.097368+00,2026-04-21 12:10:36.822416+00,https://images.unsplash.com/photo-1551601651-2a8555f1a136?q=80&w=1000&auto=format&fit=crop
10da4ec4-bf5c-4a83-beab-0a79d45ccc52,Hi-Tech Medical College,Bhubaneswar,Odisha,Private,Trust,2005,120,"[""MD Medicine"",""MS Surgery"",""MD Dermatology""]",A leading private medical college in Odisha.,true,2026-04-21 11:57:14.097368+00,2026-04-21 12:10:36.822416+00,https://images.unsplash.com/photo-1519494026892-80bbd2d6fd0d?q=80&w=1000&auto=format&fit=crop
125e3a7a-d7a0-4400-abd0-3bd4198ed1e3,Government Medical College Patiala,Patiala,Punjab,Government,State Govt,1953,200,"[""MD Medicine"",""MS Surgery"",""MD Radiology""]",A well-established government institution.,true,2026-04-21 11:57:14.097368+00,2026-04-21 12:10:36.822416+00,https://images.unsplash.com/photo-1579684385127-1ef15d508118?q=80&w=1000&auto=format&fit=crop
148ba080-db69-4f43-bf3c-9db486c8c8c5,Sri Venkateswara Medical College,Tirupati,Andhra Pradesh,Government,State Govt,1960,210,"[""MD Medicine"",""MS ENT"",""MD Radiology""]",Located in a major healthcare hub with strong patient inflow and diverse clinical exposure.,true,2026-04-21 11:57:14.097368+00,2026-04-21 12:10:36.822416+00,https://images.unsplash.com/photo-1551601651-2a8555f1a136?q=80&w=1000&auto=format&fit=crop
16eb0374-730f-4645-bd2c-af85b5e15750,GMERS Medical College Godhra,Godhra,Gujarat,Government,State Govt,2019,60,"[""MD Medicine"",""MS Surgery"",""MD Pathology""]",A relatively new GMERS college with growing academic structure.,true,2026-04-21 11:57:14.097368+00,2026-04-21 12:10:36.822416+00,https://images.unsplash.com/photo-1579684385127-1ef15d508118?q=80&w=1000&auto=format&fit=crop
16f986dc-18ee-405b-b464-39d32cc5b2e1,S. Nijalingappa Medical College,Bagalkot,Karnataka,Private,Trust,2002,120,"[""MD Medicine"",""MS Surgery"",""MD Pathology""]",A private medical college with steady academic growth.,true,2026-04-21 11:57:14.097368+00,2026-04-21 12:10:36.822416+00,https://images.unsplash.com/photo-1516549655169-df83a0774514?q=80&w=1000&auto=format&fit=crop
174df836-aaae-4486-aa8d-da9962c67b51,UCMS,New Delhi,Delhi,Government,Central Govt,1971,220,"[""MD Medicine"",""MS Surgery"",""MD Radiology""]",A reputed medical college under University of Delhi.,true,2026-04-21 11:57:14.097368+00,2026-04-21 12:10:36.822416+00,https://images.unsplash.com/photo-1519311371416-0394335ce46a?q=80&w=1000&auto=format&fit=crop
17c69b78-3699-4ac5-a732-f58065eed7a9,ACPM Medical College,Dhule,Maharashtra,Private,Trust,1990,100,"[""MD Medicine"",""MS Surgery"",""MD Pathology""]",A private medical college with steady academic growth.,true,2026-04-21 11:57:14.097368+00,2026-04-21 12:10:36.822416+00,https://images.unsplash.com/photo-1551601651-2a8555f1a136?q=80&w=1000&auto=format&fit=crop
18edd643-a46f-4f94-a26c-2c722d516c9c,Kasturba Medical College Manipal,Manipal,Karnataka,Deemed,Deemed University,1953,250,"[""MD Medicine"",""MS Surgery"",""MD Radiology""]",A premier deemed medical college under Manipal Academy with global reputation.,true,2026-04-21 11:57:14.097368+00,2026-04-21 12:10:36.822416+00,https://images.unsplash.com/photo-1586773860418-d37222d8fce2?q=80&w=1000&auto=format&fit=crop
19a87ad4-c082-4527-bd35-9bf3236b59a1,Smt. NHL Municipal Medical College,Ahmedabad,Gujarat,Government,State Govt,1963,180,"[""MD Medicine"",""MS Surgery"",""MD Obstetrics & Gynecology""]",A reputed municipal medical college with strong academic performance.,true,2026-04-21 11:57:14.097368+00,2026-04-21 12:10:36.822416+00,https://images.unsplash.com/photo-1516549655169-df83a0774514?q=80&w=1000&auto=format&fit=crop
1a7ee42a-fef8-4bb6-a774-a2118875af30,Mahatma Gandhi Memorial Medical College,Indore,Madhya Pradesh,Government,State Govt,1948,260,"[""MD Medicine"",""MS Surgery"",""MD Obstetrics & Gynecology""]",One of the top government medical colleges in MP.,true,2026-04-21 11:57:14.097368+00,2026-04-21 12:10:36.822416+00,https://images.unsplash.com/photo-1516549655169-df83a0774514?q=80&w=1000&auto=format&fit=crop
21da4fe3-a6b9-4d0f-a33d-78803a207a80,MLN Medical College,Prayagraj,Uttar Pradesh,Government,State Govt,1961,220,"[""MD Medicine"",""MS Surgery"",""MD Obstetrics & Gynecology""]",A prominent government medical college.,true,2026-04-21 11:57:14.097368+00,2026-04-21 12:10:36.822416+00,https://images.unsplash.com/photo-1551601651-2a8555f1a136?q=80&w=1000&auto=format&fit=crop
2273fa4f-10e4-42f9-a3b9-700195fb1944,Dr. Rajendra Prasad Government Medical College,Tanda,Himachal Pradesh,Government,State Govt,1996,120,"[""MD Medicine"",""MS Surgery"",""MD Pediatrics""]",A well-established government institution serving northern Himachal Pradesh.,true,2026-04-21 11:57:14.097368+00,2026-04-21 12:10:36.822416+00,https://images.unsplash.com/photo-1519311371416-0394335ce46a?q=80&w=1000&auto=format&fit=crop
2415e833-fccc-413e-b0cc-9ad9c0a1a8c7,NRI Medical College,Guntur,Andhra Pradesh,Private,Trust,2003,150,"[""MD Medicine"",""MS Orthopedics"",""MD Radiology""]",A leading private institution with modern infrastructure and structured academics.,true,2026-04-21 11:57:14.097368+00,2026-04-21 12:10:36.822416+00,https://images.unsplash.com/photo-1551601651-2a8555f1a136?q=80&w=1000&auto=format&fit=crop
24b6f988-cbec-4bff-a26e-4690c4564a36,Chhattisgarh Institute of Medical Sciences,Bilaspur,Chhattisgarh,Government,State Govt,2001,100,"[""MD Medicine"",""MS Orthopedics"",""MD Community Medicine""]",A government-run institute with steady academic growth.,true,2026-04-21 11:57:14.097368+00,2026-04-21 12:10:36.822416+00,https://images.unsplash.com/photo-1551601651-2a8555f1a136?q=80&w=1000&auto=format&fit=crop
24caa3ec-308b-460e-8252-8f01c4e3163a,MP Shah Medical College,Jamnagar,Gujarat,Private,Trust,1955,150,"[""MD Medicine"",""MS Surgery"",""MD Dermatology""]",A reputed private medical college with strong academic history.,true,2026-04-21 11:57:14.097368+00,2026-04-21 12:10:36.822416+00,https://images.unsplash.com/photo-1519311371416-0394335ce46a?q=80&w=1000&auto=format&fit=crop
26bf75f9-f35f-40b2-a0a1-334f94941d27,Bankura Sammilani Medical College,Bankura,West Bengal,Government,State Govt,1956,180,"[""MD Medicine"",""MS Surgery"",""MD Pediatrics""]",A reputed government medical college.,true,2026-04-21 11:57:14.097368+00,2026-04-21 12:10:36.822416+00,https://images.unsplash.com/photo-1586773860418-d37222d8fce2?q=80&w=1000&auto=format&fit=crop
281fc9b1-825d-4b68-8e67-5453bb76756f,Pt. Jawahar Lal Nehru Memorial Medical College,Raipur,Chhattisgarh,Government,State Govt,1963,180,"[""MD Medicine"",""MS Surgery"",""MD Pediatrics""]",The premier government medical college of Chhattisgarh with strong reputation.,true,2026-04-21 11:57:14.097368+00,2026-04-21 12:10:36.822416+00,https://images.unsplash.com/photo-1516549655169-df83a0774514?q=80&w=1000&auto=format&fit=crop
28cb32c9-f090-4564-931b-f26e758403bf,PSG Institute of Medical Sciences,Coimbatore,Tamil Nadu,Private,Trust,1985,180,"[""MD Medicine"",""MS Surgery"",""MD Radiology""]",A reputed private medical college.,true,2026-04-21 11:57:14.097368+00,2026-04-21 12:10:36.822416+00,https://images.unsplash.com/photo-1579684385127-1ef15d508118?q=80&w=1000&auto=format&fit=crop
291a33bb-5384-487e-ba38-84b6b12b7ab9,Andhra Medical College,Visakhapatnam,Andhra Pradesh,Government,State Govt,1923,250,"[""MD General Medicine"",""MS General Surgery"",""MD Radiology""]",One of the oldest medical colleges in India with strong academic legacy. Attached to King George Hospital with very high patient load.,true,2026-04-21 11:57:14.097368+00,2026-04-21 12:10:36.822416+00,https://images.unsplash.com/photo-1516549655169-df83a0774514?q=80&w=1000&auto=format&fit=crop
29401b64-f46f-48ef-8fdc-ca9a4713431a,BRD Medical College,Gorakhpur,Uttar Pradesh,Government,State Govt,1972,180,"[""MD Medicine"",""MS Surgery"",""MD Pediatrics""]",A leading government medical college in eastern UP.,true,2026-04-21 11:57:14.097368+00,2026-04-21 12:10:36.822416+00,https://images.unsplash.com/photo-1519494026892-80bbd2d6fd0d?q=80&w=1000&auto=format&fit=crop
29d3bb4c-f6ff-4264-b377-e36927ae79a2,Government Medical College Surat,Surat,Gujarat,Government,State Govt,1964,220,"[""MD Medicine"",""MS Surgery"",""MD Pediatrics""]",A leading government college with strong academic performance.,true,2026-04-21 11:57:14.097368+00,2026-04-21 12:10:36.822416+00,https://images.unsplash.com/photo-1586773860418-d37222d8fce2?q=80&w=1000&auto=format&fit=crop
2a44b616-732f-4daf-b64a-df1249d5bff8,Dayanand Medical College & Hospital,Ludhiana,Punjab,Private,Trust,1964,180,"[""MD Medicine"",""MS Surgery"",""MD Dermatology""]",A reputed private medical college.,true,2026-04-21 11:57:14.097368+00,2026-04-21 12:10:36.822416+00,https://images.unsplash.com/photo-1519494026892-80bbd2d6fd0d?q=80&w=1000&auto=format&fit=crop
2ac77b9f-ef2b-493f-ba45-11f24784534c,GMERS Medical College Junagadh,Junagadh,Gujarat,Government,State Govt,2015,80,"[""MD Medicine"",""MS Surgery"",""MD Pathology""]",A developing GMERS college serving Saurashtra region.,true,2026-04-21 11:57:14.097368+00,2026-04-21 12:10:36.822416+00,https://images.unsplash.com/photo-1579684385127-1ef15d508118?q=80&w=1000&auto=format&fit=crop
2c530541-9a89-44f6-baf3-14493f7af50d,Subbaiah Institute of Medical Sciences,Shivamogga,Karnataka,Private,Trust,2012,100,"[""MD Medicine"",""MS Surgery"",""MD Pharmacology""]",A private institution with modern infrastructure.,true,2026-04-21 11:57:14.097368+00,2026-04-21 12:10:36.822416+00,https://images.unsplash.com/photo-1551601651-2a8555f1a136?q=80&w=1000&auto=format&fit=crop
2e4518ce-9a7b-4124-8cd1-c0e5547d6feb,Deccan College of Medical Sciences,Hyderabad,Telangana,Private,Trust,1984,130,"[""MD Medicine"",""MS Surgery"",""MD Dermatology""]",A reputed private medical college.,true,2026-04-21 11:57:14.097368+00,2026-04-21 12:10:36.822416+00,https://images.unsplash.com/photo-1519311371416-0394335ce46a?q=80&w=1000&auto=format&fit=crop
2f582201-28a4-4114-b6a6-d254a1f9403a,Indira Gandhi Institute of Medical Sciences,Patna,Bihar,Government,State Govt,1983,200,"[""MD Medicine"",""MS Surgery"",""DM Cardiology""]",A premier tertiary care institute in Bihar offering advanced PG and super-specialty courses.,true,2026-04-21 11:57:14.097368+00,2026-04-21 12:10:36.822416+00,https://images.unsplash.com/photo-1586773860418-d37222d8fce2?q=80&w=1000&auto=format&fit=crop
2f82dc08-3e23-49c1-aee0-c1589ed8fed6,Government Medical College Kottayam,Kottayam,Kerala,Government,State Govt,1962,220,"[""MD Medicine"",""MS Surgery"",""MD Obstetrics & Gynecology""]",A well-established government institution with consistent academic performance.,true,2026-04-21 11:57:14.097368+00,2026-04-21 12:10:36.822416+00,https://images.unsplash.com/photo-1586773860418-d37222d8fce2?q=80&w=1000&auto=format&fit=crop
2fa7c82a-4914-46b8-ab6d-7f7d71aabf3a,GMERS Medical College Gandhinagar,Gandhinagar,Gujarat,Government,State Govt,2012,120,"[""MD Medicine"",""MS Surgery"",""MD Community Medicine""]",Part of the GMERS network with modern infrastructure.,true,2026-04-21 11:57:14.097368+00,2026-04-21 12:10:36.822416+00,https://images.unsplash.com/photo-1516549655169-df83a0774514?q=80&w=1000&auto=format&fit=crop
316d15e7-7c13-4015-a54b-822eb453bd90,Government Medical College Ernakulam,Ernakulam,Kerala,Government,State Govt,1999,140,"[""MD Medicine"",""MS Surgery"",""MD Pathology""]",A government medical college located in Kochi region.,true,2026-04-21 11:57:14.097368+00,2026-04-21 12:10:36.822416+00,https://images.unsplash.com/photo-1579684385127-1ef15d508118?q=80&w=1000&auto=format&fit=crop
3215f5cd-d529-45e4-9b00-0c9c0bf4ec06,Adichunchanagiri Institute of Medical Sciences,Mandya,Karnataka,Private,Trust,1986,160,"[""MD Medicine"",""MS Surgery"",""MD Dermatology""]",A reputed private medical college.,true,2026-04-21 11:57:14.097368+00,2026-04-21 12:10:36.822416+00,https://images.unsplash.com/photo-1586773860418-d37222d8fce2?q=80&w=1000&auto=format&fit=crop
325bea09-c3bd-4b7e-8ff2-667886c3c2bd,Konaseema Institute of Medical Sciences,Amalapuram,Andhra Pradesh,Private,Trust,2005,100,"[""MD Medicine"",""MS Surgery"",""MD Pediatrics""]",A developing private college with improving clinical exposure.,true,2026-04-21 11:57:14.097368+00,2026-04-21 12:10:36.822416+00,https://images.unsplash.com/photo-1519311371416-0394335ce46a?q=80&w=1000&auto=format&fit=crop
3642a15e-456f-4784-a628-efc209d6382a,Gandhi Medical College Bhopal,Bhopal,Madhya Pradesh,Government,State Govt,1955,250,"[""MD Medicine"",""MS Surgery"",""MD Pediatrics""]",A premier government medical college with strong academic reputation.,true,2026-04-21 11:57:14.097368+00,2026-04-21 12:10:36.822416+00,https://images.unsplash.com/photo-1579684385127-1ef15d508118?q=80&w=1000&auto=format&fit=crop
36dfaab3-6a10-4c5a-bab3-70ed43a5efb7,Grant Medical College,Mumbai,Maharashtra,Government,State Govt,1845,250,"[""MD Medicine"",""MS Surgery"",""MD Radiology""]",One of the oldest and most prestigious medical colleges in India.,true,2026-04-21 11:57:14.097368+00,2026-04-21 12:10:36.822416+00,https://images.unsplash.com/photo-1516549655169-df83a0774514?q=80&w=1000&auto=format&fit=crop
379cff6b-a384-456f-b965-d8daa05c8edf,Shimoga Institute of Medical Sciences,Shivamogga,Karnataka,Government,State Govt,2005,140,"[""MD Medicine"",""MS Surgery"",""MD Pathology""]",A developing government college with good academic structure.,true,2026-04-21 11:57:14.097368+00,2026-04-21 12:10:36.822416+00,https://images.unsplash.com/photo-1519311371416-0394335ce46a?q=80&w=1000&auto=format&fit=crop
3b60ed57-2af7-42b9-9aa5-64438ce055ef,MS Ramaiah Medical College,Bengaluru,Karnataka,Private,Trust,1979,200,"[""MD Medicine"",""MS Surgery"",""MD Radiology""]",A top private medical college with strong academic and clinical reputation.,true,2026-04-21 11:57:14.097368+00,2026-04-21 12:10:36.822416+00,https://images.unsplash.com/photo-1519494026892-80bbd2d6fd0d?q=80&w=1000&auto=format&fit=crop
3cd92b93-9c72-40dc-822d-ecc13d3d2039,Dr. BR Ambedkar Medical College,Bengaluru,Karnataka,Private,Trust,1981,150,"[""MD Medicine"",""MS Surgery"",""MD Radiology""]",A reputed private medical college in Bengaluru.,true,2026-04-21 11:57:14.097368+00,2026-04-21 12:10:36.822416+00,https://images.unsplash.com/photo-1551601651-2a8555f1a136?q=80&w=1000&auto=format&fit=crop
3d92cabd-fc40-446e-bf4f-e2968dd3e92d,Pushpagiri Institute of Medical Sciences,Thiruvalla,Kerala,Private,Trust,2002,120,"[""MD Medicine"",""MS Surgery"",""MD Dermatology""]",A reputed private medical college.,true,2026-04-21 11:57:14.097368+00,2026-04-21 12:10:36.822416+00,https://images.unsplash.com/photo-1586773860418-d37222d8fce2?q=80&w=1000&auto=format&fit=crop
3f30ab00-db72-42bb-9516-855898d7cd07,Government Medical College Alappuzha,Alappuzha,Kerala,Government,State Govt,2000,150,"[""MD Medicine"",""MS Surgery"",""MD Pediatrics""]",A growing government institution with strong clinical departments.,true,2026-04-21 11:57:14.097368+00,2026-04-21 12:10:36.822416+00,https://images.unsplash.com/photo-1551601651-2a8555f1a136?q=80&w=1000&auto=format&fit=crop
3f7eb4e1-8700-42c6-9da6-da3cb177fd16,Lokmanya Tilak Municipal Medical College,Mumbai,Maharashtra,Government,State Govt,1964,200,"[""MD Medicine"",""MS Surgery"",""MD Pediatrics""]",A reputed municipal medical college associated with Sion Hospital.,true,2026-04-21 11:57:14.097368+00,2026-04-21 12:10:36.822416+00,https://images.unsplash.com/photo-1516549655169-df83a0774514?q=80&w=1000&auto=format&fit=crop
404a2366-653e-43ef-8a0f-da82f9b9ef7a,SP Medical College,Bikaner,Rajasthan,Government,State Govt,1959,200,"[""MD Medicine"",""MS Surgery"",""MD Pediatrics""]",A reputed government college serving northern Rajasthan.,true,2026-04-21 11:57:14.097368+00,2026-04-21 12:10:36.822416+00,https://images.unsplash.com/photo-1516549655169-df83a0774514?q=80&w=1000&auto=format&fit=crop
4130c2ad-6823-4e77-9d4a-02d22e23c674,Saveetha Medical College,Chennai,Tamil Nadu,Deemed,Deemed University,2008,220,"[""MD Medicine"",""MS Surgery"",""MD Dermatology""]",A leading deemed institution.,true,2026-04-21 11:57:14.097368+00,2026-04-21 12:10:36.822416+00,https://images.unsplash.com/photo-1586773860418-d37222d8fce2?q=80&w=1000&auto=format&fit=crop
44dd8e9e-4534-4792-826c-52d2f4031aaf,AIIMS Bhubaneswar,Bhubaneswar,Odisha,Government,Central Govt (INI),2012,150,"[""MD General Medicine"",""MS General Surgery"",""MD Radiology""]",An Institute of National Importance with strong academic ecosystem.,true,2026-04-21 11:57:14.097368+00,2026-04-21 12:10:36.822416+00,https://images.unsplash.com/photo-1586773860418-d37222d8fce2?q=80&w=1000&auto=format&fit=crop
45a42acc-e041-4aa5-a9a8-9b51f393ccb9,Government Medical College and Hospital Chandigarh,Chandigarh,Chandigarh,Government,State Govt,1991,150,"[""MD Medicine"",""MS Surgery"",""MD Pediatrics""]",A well-established government medical college.,true,2026-04-21 11:57:14.097368+00,2026-04-21 12:10:36.822416+00,https://images.unsplash.com/photo-1579684385127-1ef15d508118?q=80&w=1000&auto=format&fit=crop
4662eee8-6293-409a-95c4-b4ffbec0a399,Government Medical College Akola,Akola,Maharashtra,Government,State Govt,2002,150,"[""MD Medicine"",""MS Surgery"",""MD Pathology""]",A developing government college.,true,2026-04-21 11:57:14.097368+00,2026-04-21 12:10:36.822416+00,https://images.unsplash.com/photo-1586773860418-d37222d8fce2?q=80&w=1000&auto=format&fit=crop
46bdd3a6-5523-4af9-ae6b-43d567517b7e,GMERS Medical College Morbi,Morbi,Gujarat,Government,State Govt,2021,50,"[""MD Medicine"",""MD Pharmacology"",""MD Microbiology""]",A newly established government college with initial PG courses.,true,2026-04-21 11:57:14.097368+00,2026-04-21 12:10:36.822416+00,https://images.unsplash.com/photo-1551601651-2a8555f1a136?q=80&w=1000&auto=format&fit=crop
4733364c-d7f4-4df7-b9e7-dbd8a9475254,East Point College of Medical Sciences,Bengaluru,Karnataka,Private,Trust,2017,90,"[""MD Medicine"",""MS Surgery"",""MD Pathology""]",A newer private institution with modern infrastructure.,true,2026-04-21 11:57:14.097368+00,2026-04-21 12:10:36.822416+00,https://images.unsplash.com/photo-1579684385127-1ef15d508118?q=80&w=1000&auto=format&fit=crop
4792e26b-f5d8-40e2-8aa8-331015349782,Government Medical College Thiruvananthapuram,Thiruvananthapuram,Kerala,Government,State Govt,1951,300,"[""MD General Medicine"",""MS General Surgery"",""MD Radiology""]",The oldest and one of the top government medical colleges in Kerala.,true,2026-04-21 11:57:14.097368+00,2026-04-21 12:10:36.822416+00,https://images.unsplash.com/photo-1519494026892-80bbd2d6fd0d?q=80&w=1000&auto=format&fit=crop
47eb8da8-4689-4de3-871d-e4e85667ca25,Indira Gandhi Medical College Puducherry,Puducherry,Puducherry,Government,State Govt,2010,120,"[""MD Medicine"",""MS Surgery"",""MD Pediatrics""]",A government medical college with growing academic programs.,true,2026-04-21 11:57:14.097368+00,2026-04-21 12:10:36.822416+00,https://images.unsplash.com/photo-1551601651-2a8555f1a136?q=80&w=1000&auto=format&fit=crop
485c1885-dcac-41ba-8f98-0ca889da939b,Mahatma Gandhi Medical College Puducherry,Puducherry,Puducherry,Deemed,Deemed University,2006,150,"[""MD Medicine"",""MS Surgery"",""MD Radiology""]",Part of Sri Balaji Vidyapeeth deemed university.,true,2026-04-21 11:57:14.097368+00,2026-04-21 12:10:36.822416+00,https://images.unsplash.com/photo-1579684385127-1ef15d508118?q=80&w=1000&auto=format&fit=crop
48788b0d-fcb7-4046-8ae2-be7fc9252f6e,GMERS Medical College Vadnagar,Vadnagar,Gujarat,Government,State Govt,2017,90,"[""MD Medicine"",""MS Surgery"",""MD Pharmacology""]",A newer GMERS institution with developing PG programs.,true,2026-04-21 11:57:14.097368+00,2026-04-21 12:10:36.822416+00,https://images.unsplash.com/photo-1519311371416-0394335ce46a?q=80&w=1000&auto=format&fit=crop
49074485-2e81-42dd-b9fb-2b970eac8089,Hamdard Institute of Medical Sciences,New Delhi,Delhi,Private,Private University,2012,100,"[""MD Medicine"",""MS Surgery"",""MD Pathology""]",A private medical college under Jamia Hamdard.,true,2026-04-21 11:57:14.097368+00,2026-04-21 12:10:36.822416+00,https://images.unsplash.com/photo-1579684385127-1ef15d508118?q=80&w=1000&auto=format&fit=crop
4a2cd942-e093-4163-a61d-3ea68e26a119,Bangalore Medical College and Research Institute,Bengaluru,Karnataka,Government,State Govt,1955,300,"[""MD Medicine"",""MS Surgery"",""MD Radiology""]",One of the top government medical colleges in India located in Bengaluru.,true,2026-04-21 11:57:14.097368+00,2026-04-21 12:10:36.822416+00,https://images.unsplash.com/photo-1519311371416-0394335ce46a?q=80&w=1000&auto=format&fit=crop
4ab5c129-a416-4ed7-a466-a58d5b4e211a,People's College of Medical Sciences,Bhopal,Madhya Pradesh,Private,Private University,2005,180,"[""MD Medicine"",""MS Surgery"",""MD Pediatrics""]",Part of People's University with strong academic framework.,true,2026-04-21 11:57:14.097368+00,2026-04-21 12:10:36.822416+00,https://images.unsplash.com/photo-1516549655169-df83a0774514?q=80&w=1000&auto=format&fit=crop
4c3072f1-974c-42cd-a8ce-ddcfeef5ad63,"Government Medical College, Kadapa",Kadapa,Andhra Pradesh,Government,State Govt,2006,85,"[""MD Medicine"",""MS Surgery"",""MD Pathology""]",An emerging government institution with growing PG programs and improving infrastructure.,true,2026-04-21 11:57:14.097368+00,2026-04-21 12:10:36.822416+00,https://images.unsplash.com/photo-1586773860418-d37222d8fce2?q=80&w=1000&auto=format&fit=crop
4d08664c-c993-406c-b1ca-f0925700dcd5,AIIMS Bathinda,Bathinda,Punjab,Government,Central Govt (INI),2019,40,"[""MD Community Medicine"",""MD Anatomy"",""MD Physiology""]",A newer AIIMS institute with modern infrastructure.,true,2026-04-21 11:57:14.097368+00,2026-04-21 12:10:36.822416+00,https://images.unsplash.com/photo-1519311371416-0394335ce46a?q=80&w=1000&auto=format&fit=crop
4d0fd403-d185-4b5e-a410-b81a613979da,IPGMER & SSKM Hospital,Kolkata,West Bengal,Government,State Govt,1957,300,"[""MD General Medicine"",""MS General Surgery"",""MD Radiology""]",One of the top government medical institutions in eastern India.,true,2026-04-21 11:57:14.097368+00,2026-04-21 12:10:36.822416+00,https://images.unsplash.com/photo-1519311371416-0394335ce46a?q=80&w=1000&auto=format&fit=crop
4de9a76b-7fc9-426e-9d18-77cc71a8cf58,GMERS Medical College Himmatnagar,Himmatnagar,Gujarat,Government,State Govt,2015,80,"[""MD Medicine"",""MS Surgery"",""MD Microbiology""]",A government-run college with improving academic framework.,true,2026-04-21 11:57:14.097368+00,2026-04-21 12:10:36.822416+00,https://images.unsplash.com/photo-1551601651-2a8555f1a136?q=80&w=1000&auto=format&fit=crop
4e047f6b-6d01-4c38-a8b8-1a3f639ca2aa,Gandhi Medical College Hyderabad,Hyderabad,Telangana,Government,State Govt,1954,250,"[""MD Medicine"",""MS Surgery"",""MD Pediatrics""]",A premier government medical college in Telangana.,true,2026-04-21 11:57:14.097368+00,2026-04-21 12:10:36.822416+00,https://images.unsplash.com/photo-1519311371416-0394335ce46a?q=80&w=1000&auto=format&fit=crop
4f46e04c-a5ad-48b1-9ea5-8e1b5b4c6510,Mamata Medical College,Khammam,Telangana,Private,Trust,1998,140,"[""MD Medicine"",""MS Surgery"",""MD Pediatrics""]",A well-known private institution.,true,2026-04-21 11:57:14.097368+00,2026-04-21 12:10:36.822416+00,https://images.unsplash.com/photo-1516549655169-df83a0774514?q=80&w=1000&auto=format&fit=crop
4f96ffdf-c3d5-4326-83e5-89c71dd12ffe,Calcutta National Medical College,Kolkata,West Bengal,Government,State Govt,1948,200,"[""MD Medicine"",""MS Surgery"",""MD Dermatology""]",A well-established government institution.,true,2026-04-21 11:57:14.097368+00,2026-04-21 12:10:36.822416+00,https://images.unsplash.com/photo-1516549655169-df83a0774514?q=80&w=1000&auto=format&fit=crop
4fb4dd92-0115-4b97-9a78-1f527826556f,Government Medical College Kolhapur,Kolhapur,Maharashtra,Government,State Govt,2000,150,"[""MD Medicine"",""MS Surgery"",""MD Dermatology""]",A developing government institution.,true,2026-04-21 11:57:14.097368+00,2026-04-21 12:10:36.822416+00,https://images.unsplash.com/photo-1579684385127-1ef15d508118?q=80&w=1000&auto=format&fit=crop
50463406-c660-460b-839c-c5c6f5166a2a,BJ Government Medical College,Pune,Maharashtra,Government,State Govt,1946,280,"[""MD Medicine"",""MS Surgery"",""MD Radiology""]",A top government medical college associated with Sassoon Hospital.,true,2026-04-21 11:57:14.097368+00,2026-04-21 12:10:36.822416+00,https://images.unsplash.com/photo-1519311371416-0394335ce46a?q=80&w=1000&auto=format&fit=crop
5193c832-8533-45f7-9526-4ddc5de71aaf,Government Medical College Haldwani,Haldwani,Uttarakhand,Government,State Govt,2001,120,"[""MD Medicine"",""MS Surgery"",""MD Pediatrics""]",A leading government medical college in Kumaon.,true,2026-04-21 11:57:14.097368+00,2026-04-21 12:10:36.822416+00,https://images.unsplash.com/photo-1579684385127-1ef15d508118?q=80&w=1000&auto=format&fit=crop
52145349-c8ab-4d59-9b0d-2ed5cd2b6879,Tezpur Medical College,Tezpur,Assam,Government,State Govt,2014,100,"[""MD Medicine"",""MS Surgery"",""MD Pathology""]",A developing government institution with growing academic reputation.,true,2026-04-21 11:57:14.097368+00,2026-04-21 12:10:36.822416+00,https://images.unsplash.com/photo-1519494026892-80bbd2d6fd0d?q=80&w=1000&auto=format&fit=crop
53461a9d-b610-4b6d-85ab-e829dd717ada,Kalinga Institute of Medical Sciences,Bhubaneswar,Odisha,Deemed,Deemed University,2007,200,"[""MD Medicine"",""MS Surgery"",""MD Pediatrics""]",A premier deemed university under KIIT.,true,2026-04-21 11:57:14.097368+00,2026-04-21 12:10:36.822416+00,https://images.unsplash.com/photo-1516549655169-df83a0774514?q=80&w=1000&auto=format&fit=crop
541c56ad-dcf2-410d-9fed-a1fa2dd08b7a,KVG Medical College,Sullia,Karnataka,Private,Trust,2002,100,"[""MD Medicine"",""MS Surgery"",""MD Microbiology""]",A developing private medical college.,true,2026-04-21 11:57:14.097368+00,2026-04-21 12:10:36.822416+00,https://images.unsplash.com/photo-1519311371416-0394335ce46a?q=80&w=1000&auto=format&fit=crop
55cee77d-5fbe-41db-b2a0-fa8a8157941c,Karnataka Institute of Medical Sciences,Hubballi,Karnataka,Government,State Govt,1957,220,"[""MD Medicine"",""MS Surgery"",""MD Radiology""]",A leading government institute in North Karnataka.,true,2026-04-21 11:57:14.097368+00,2026-04-21 12:10:36.822416+00,https://images.unsplash.com/photo-1579684385127-1ef15d508118?q=80&w=1000&auto=format&fit=crop
5622060d-7441-4efa-963b-63a2de3b8dee,Rangaraya Medical College,Kakinada,Andhra Pradesh,Government,State Govt,1958,180,"[""MD Medicine"",""MS Surgery"",""MD Obstetrics & Gynecology""]",A well-established government institution with good reputation and consistent academics.,true,2026-04-21 11:57:14.097368+00,2026-04-21 12:10:36.822416+00,https://images.unsplash.com/photo-1579684385127-1ef15d508118?q=80&w=1000&auto=format&fit=crop
56377878-818f-4d47-b37a-fdc9d976444d,Burdwan Medical College,Burdwan,West Bengal,Government,State Govt,1969,180,"[""MD Medicine"",""MS Surgery"",""MD Radiology""]",A major government institution in central Bengal.,true,2026-04-21 11:57:14.097368+00,2026-04-21 12:10:36.822416+00,https://images.unsplash.com/photo-1519311371416-0394335ce46a?q=80&w=1000&auto=format&fit=crop
5709945c-1a49-4a82-a58f-f89259e30d09,NKP Salve Institute of Medical Sciences,Nagpur,Maharashtra,Private,Trust,1990,140,"[""MD Medicine"",""MS Surgery"",""MD Pediatrics""]",A reputed private medical college.,true,2026-04-21 11:57:14.097368+00,2026-04-21 12:10:36.822416+00,https://images.unsplash.com/photo-1519311371416-0394335ce46a?q=80&w=1000&auto=format&fit=crop
574f6c57-a7d4-44f0-a9d7-d194ded90a5f,Bidar Institute of Medical Sciences,Bidar,Karnataka,Government,State Govt,2007,120,"[""MD Medicine"",""MS Surgery"",""MD Microbiology""]",A government institution with improving academic framework.,true,2026-04-21 11:57:14.097368+00,2026-04-21 12:10:36.822416+00,https://images.unsplash.com/photo-1551601651-2a8555f1a136?q=80&w=1000&auto=format&fit=crop
5763726c-2307-42ab-a037-14acaf794f23,Adesh Institute of Medical Sciences,Bathinda,Punjab,Private,Private University,2006,120,"[""MD Medicine"",""MS Surgery"",""MD Radiology""]",A private institution with modern infrastructure.,true,2026-04-21 11:57:14.097368+00,2026-04-21 12:10:36.822416+00,https://images.unsplash.com/photo-1586773860418-d37222d8fce2?q=80&w=1000&auto=format&fit=crop
58f1ab5f-7d0b-4900-b108-03835f7711cb,Santosh Medical College,Ghaziabad,Uttar Pradesh,Deemed,Deemed University,1995,150,"[""MD Medicine"",""MS Surgery"",""MD Dermatology""]",A reputed deemed university medical college.,true,2026-04-21 11:57:14.097368+00,2026-04-21 12:10:36.822416+00,https://images.unsplash.com/photo-1516549655169-df83a0774514?q=80&w=1000&auto=format&fit=crop
59ffd6b1-e845-4f51-98f2-94f4b6e513a7,Sri Siddhartha Medical College,Tumakuru,Karnataka,Deemed,Deemed University,1988,180,"[""MD Medicine"",""MS Surgery"",""MD Radiology""]",A reputed deemed medical college.,true,2026-04-21 11:57:14.097368+00,2026-04-21 12:10:36.822416+00,https://images.unsplash.com/photo-1519494026892-80bbd2d6fd0d?q=80&w=1000&auto=format&fit=crop
5af5fd2e-5e27-4689-8146-cf0a3d223b9b,Mata Gujri Memorial Medical College,Kishanganj,Bihar,Private,Trust,1990,100,"[""MD Medicine"",""MS Surgery"",""MD Pediatrics""]",A private institution with growing academic reputation in Bihar.,true,2026-04-21 11:57:14.097368+00,2026-04-21 12:10:36.822416+00,https://images.unsplash.com/photo-1579684385127-1ef15d508118?q=80&w=1000&auto=format&fit=crop
5be9eda0-3ad9-4c69-9089-99985578354a,Sri Ramachandra Medical College,Chennai,Tamil Nadu,Deemed,Deemed University,1985,250,"[""MD Medicine"",""MS Surgery"",""MD Pediatrics""]",A premier deemed university.,true,2026-04-21 11:57:14.097368+00,2026-04-21 12:10:36.822416+00,https://images.unsplash.com/photo-1516549655169-df83a0774514?q=80&w=1000&auto=format&fit=crop
5ce80a85-5d00-464e-8259-ab15bf489d65,Narayana Medical College,Nellore,Andhra Pradesh,Private,Trust,2000,180,"[""MD Medicine"",""MS Surgery"",""MD Pediatrics""]",Part of a large healthcare group with advanced facilities and high patient inflow.,true,2026-04-21 11:57:14.097368+00,2026-04-21 12:10:36.822416+00,https://images.unsplash.com/photo-1579684385127-1ef15d508118?q=80&w=1000&auto=format&fit=crop
5e2c4645-04ba-4d8c-9361-09412ab0dd74,Geetanjali Medical College,Udaipur,Rajasthan,Private,Private University,2008,150,"[""MD Medicine"",""MS Surgery"",""MD Radiology""]",A reputed private institution.,true,2026-04-21 11:57:14.097368+00,2026-04-21 12:10:36.822416+00,https://images.unsplash.com/photo-1579684385127-1ef15d508118?q=80&w=1000&auto=format&fit=crop
60c6f908-5062-4453-8613-76541b346448,Kamineni Institute of Medical Sciences,Nalgonda,Telangana,Private,Trust,1999,150,"[""MD Medicine"",""MS Surgery"",""MD Radiology""]",A reputed private medical college.,true,2026-04-21 11:57:14.097368+00,2026-04-21 12:10:36.822416+00,https://images.unsplash.com/photo-1519494026892-80bbd2d6fd0d?q=80&w=1000&auto=format&fit=crop
61cb3496-707a-4afb-881a-6a102dcc34ff,BGS Global Institute of Medical Sciences,Bengaluru,Karnataka,Private,Trust,2013,120,"[""MD Medicine"",""MS Surgery"",""MD Dermatology""]",A growing private institution with modern infrastructure.,true,2026-04-21 11:57:14.097368+00,2026-04-21 12:10:36.822416+00,https://images.unsplash.com/photo-1519311371416-0394335ce46a?q=80&w=1000&auto=format&fit=crop
643d2f1e-66c0-4e37-8dda-9a633f363166,Institute of Medical Sciences BHU,Varanasi,Uttar Pradesh,Government,Central Govt,1960,350,"[""MD Medicine"",""MS Surgery"",""MD Pediatrics""]",A premier central government medical institute under BHU.,true,2026-04-21 11:57:14.097368+00,2026-04-21 12:10:36.822416+00,https://images.unsplash.com/photo-1516549655169-df83a0774514?q=80&w=1000&auto=format&fit=crop
64dde982-c1e6-4045-a053-a17bf2fcb8f9,AIIMS New Delhi,New Delhi,Delhi,Government,Central Govt (INI),1956,450,"[""MD General Medicine"",""MS General Surgery"",""DM Cardiology""]",The top-ranked medical institute in India with global reputation.,true,2026-04-21 11:57:14.097368+00,2026-04-21 12:10:36.822416+00,https://images.unsplash.com/photo-1519494026892-80bbd2d6fd0d?q=80&w=1000&auto=format&fit=crop
6647db3c-9643-41f8-9ad7-3b66c9334035,Medical College Kolkata,Kolkata,West Bengal,Government,State Govt,1835,300,"[""MD Medicine"",""MS Surgery"",""MD Pediatrics""]",The oldest medical college in India.,true,2026-04-21 11:57:14.097368+00,2026-04-21 12:10:36.822416+00,https://images.unsplash.com/photo-1551601651-2a8555f1a136?q=80&w=1000&auto=format&fit=crop
66f3c415-1ae3-48c6-9621-0cf0fd5b29d9,Madurai Medical College,Madurai,Tamil Nadu,Government,State Govt,1954,300,"[""MD Medicine"",""MS Surgery"",""MD Pediatrics""]",A prestigious government institution.,true,2026-04-21 11:57:14.097368+00,2026-04-21 12:10:36.822416+00,https://images.unsplash.com/photo-1516549655169-df83a0774514?q=80&w=1000&auto=format&fit=crop
6715ac6c-694d-49a7-ad2d-6f0eb2d5f719,SDM College of Medical Sciences,Dharwad,Karnataka,Private,Trust,2003,150,"[""MD Medicine"",""MS Surgery"",""MD Pediatrics""]",A well-established private college with strong academic performance.,true,2026-04-21 11:57:14.097368+00,2026-04-21 12:10:36.822416+00,https://images.unsplash.com/photo-1519494026892-80bbd2d6fd0d?q=80&w=1000&auto=format&fit=crop
6791102c-c67c-4d90-a5b7-30c409a59376,Netaji Subhash Chandra Bose Medical College,Jabalpur,Madhya Pradesh,Government,State Govt,1955,220,"[""MD Medicine"",""MS Surgery"",""MD Radiology""]",A well-established government institution.,true,2026-04-21 11:57:14.097368+00,2026-04-21 12:10:36.822416+00,https://images.unsplash.com/photo-1519494026892-80bbd2d6fd0d?q=80&w=1000&auto=format&fit=crop
67de6359-8bf1-46bc-84a1-66cf68ecff00,Topiwala National Medical College,Mumbai,Maharashtra,Government,State Govt,1921,250,"[""MD Medicine"",""MS Surgery"",""MD Dermatology""]",A reputed government institution associated with Nair Hospital.,true,2026-04-21 11:57:14.097368+00,2026-04-21 12:10:36.822416+00,https://images.unsplash.com/photo-1551601651-2a8555f1a136?q=80&w=1000&auto=format&fit=crop
68f49dc5-7970-414f-9617-71f2a0b069cb,LN Medical College,Bhopal,Madhya Pradesh,Private,Trust,2009,130,"[""MD Medicine"",""MS Surgery"",""MD Dermatology""]",A private medical college with growing academic reputation.,true,2026-04-21 11:57:14.097368+00,2026-04-21 12:10:36.822416+00,https://images.unsplash.com/photo-1586773860418-d37222d8fce2?q=80&w=1000&auto=format&fit=crop
693a6e67-e056-4325-a768-97e38234a1b2,AJ Institute of Medical Sciences,Mangaluru,Karnataka,Private,Trust,2002,150,"[""MD Medicine"",""MS Surgery"",""MD Radiology""]",A well-known private college in coastal Karnataka.,true,2026-04-21 11:57:14.097368+00,2026-04-21 12:10:36.822416+00,https://images.unsplash.com/photo-1551601651-2a8555f1a136?q=80&w=1000&auto=format&fit=crop
69a3230f-bd2e-4daf-80a3-d6f0fa81912d,Diphu Medical College,Diphu,Assam,Government,State Govt,2020,60,"[""MD Medicine"",""MD Community Medicine"",""MD Microbiology""]",A newly established government medical college with initial PG programs.,true,2026-04-21 11:57:14.097368+00,2026-04-21 12:10:36.822416+00,https://images.unsplash.com/photo-1586773860418-d37222d8fce2?q=80&w=1000&auto=format&fit=crop
6a2d399b-9d45-48bd-976c-0828417299dd,AIIMS Guwahati,Guwahati,Assam,Government,Central Govt (INI),2017,30,"[""MD General Medicine"",""MD Community Medicine"",""MD Biochemistry""]",An emerging AIIMS institution with modern infrastructure and growing academic ecosystem.,true,2026-04-21 11:57:14.097368+00,2026-04-21 12:10:36.822416+00,https://images.unsplash.com/photo-1516549655169-df83a0774514?q=80&w=1000&auto=format&fit=crop
6b126759-85fe-41fd-8d0d-72740a395a40,Armed Forces Medical College,Pune,Maharashtra,Government,Central Govt,1948,150,"[""MD Medicine"",""MS Surgery"",""MD Radiology""]",A premier central government medical college under the Armed Forces.,true,2026-04-21 11:57:14.097368+00,2026-04-21 12:10:36.822416+00,https://images.unsplash.com/photo-1519494026892-80bbd2d6fd0d?q=80&w=1000&auto=format&fit=crop
6e632456-129b-45dc-b9cf-3976bb84e360,Government Medical College Amritsar,Amritsar,Punjab,Government,State Govt,1943,220,"[""MD Medicine"",""MS Surgery"",""MD Pediatrics""]",A premier government medical college in Punjab.,true,2026-04-21 11:57:14.097368+00,2026-04-21 12:10:36.822416+00,https://images.unsplash.com/photo-1551601651-2a8555f1a136?q=80&w=1000&auto=format&fit=crop
6e98f325-ae13-489c-98b0-646cc7da9130,Adesh Medical College & Hospital,Kurukshetra,Haryana,Private,Private University,2017,80,"[""MD Medicine"",""MS Surgery"",""MD Anesthesia""]",A developing private institution with modern infrastructure.,true,2026-04-21 11:57:14.097368+00,2026-04-21 12:10:36.822416+00,https://images.unsplash.com/photo-1519494026892-80bbd2d6fd0d?q=80&w=1000&auto=format&fit=crop
7081cd9c-55bc-4f98-9a05-f4c263d1fa67,RG Kar Medical College,Kolkata,West Bengal,Government,State Govt,1916,250,"[""MD Medicine"",""MS Surgery"",""MD Obstetrics & Gynecology""]",A reputed government medical college.,true,2026-04-21 11:57:14.097368+00,2026-04-21 12:10:36.822416+00,https://images.unsplash.com/photo-1579684385127-1ef15d508118?q=80&w=1000&auto=format&fit=crop
7207ed6f-0756-470f-aaa3-138acfe4dad3,Chengalpattu Medical College,Chengalpattu,Tamil Nadu,Government,State Govt,1965,200,"[""MD Medicine"",""MS Surgery"",""MD Dermatology""]",A well-established government institution near Chennai.,true,2026-04-21 11:57:14.097368+00,2026-04-21 12:10:36.822416+00,https://images.unsplash.com/photo-1551601651-2a8555f1a136?q=80&w=1000&auto=format&fit=crop
730db9c1-867d-4ba1-8617-9cdcfaf426b6,Late Shri Baliram Kashyap Memorial Government Medical College,Jagdalpur,Chhattisgarh,Government,State Govt,2006,90,"[""MD Medicine"",""MS Surgery"",""MD Pathology""]",A government college catering to tribal and rural populations of Bastar region.,true,2026-04-21 11:57:14.097368+00,2026-04-21 12:10:36.822416+00,https://images.unsplash.com/photo-1519311371416-0394335ce46a?q=80&w=1000&auto=format&fit=crop
73379183-58ab-41c1-894d-b844fa91bf11,Government Medical College Bhavnagar,Bhavnagar,Gujarat,Government,State Govt,1995,150,"[""MD Medicine"",""MS Surgery"",""MD Pathology""]",A reputed government college with consistent PG training programs.,true,2026-04-21 11:57:14.097368+00,2026-04-21 12:10:36.822416+00,https://images.unsplash.com/photo-1551601651-2a8555f1a136?q=80&w=1000&auto=format&fit=crop
736d57b8-f987-470a-991f-68db2b14008e,Parul Institute of Medical Sciences & Research,Vadodara,Gujarat,Private,Private University,2016,120,"[""MD Medicine"",""MS Surgery"",""MD Anesthesia""]",Part of Parul University with large campus and modern infrastructure.,true,2026-04-21 11:57:14.097368+00,2026-04-21 12:10:36.822416+00,https://images.unsplash.com/photo-1586773860418-d37222d8fce2?q=80&w=1000&auto=format&fit=crop
73827821-eaab-4c4d-8df4-2b0a812254e5,Government Medical College Kota,Kota,Rajasthan,Government,State Govt,1992,150,"[""MD Medicine"",""MS Surgery"",""MD Pediatrics""]",A prominent government institution.,true,2026-04-21 11:57:14.097368+00,2026-04-21 12:10:36.822416+00,https://images.unsplash.com/photo-1551601651-2a8555f1a136?q=80&w=1000&auto=format&fit=crop
738fd7dc-1a9c-42b7-a278-7101e8cb1f9d,Bundelkhand Medical College,Sagar,Madhya Pradesh,Government,State Govt,2009,140,"[""MD Medicine"",""MS Surgery"",""MD Anesthesia""]",A growing government institution.,true,2026-04-21 11:57:14.097368+00,2026-04-21 12:10:36.822416+00,https://images.unsplash.com/photo-1519311371416-0394335ce46a?q=80&w=1000&auto=format&fit=crop
762f551c-283c-45bb-98f9-6a58665164a6,Government Medical College Latur,Latur,Maharashtra,Government,State Govt,2002,150,"[""MD Medicine"",""MS Surgery"",""MD Anesthesia""]",A government medical college with steady academic growth.,true,2026-04-21 11:57:14.097368+00,2026-04-21 12:10:36.822416+00,https://images.unsplash.com/photo-1519311371416-0394335ce46a?q=80&w=1000&auto=format&fit=crop
77eac223-c4ca-4c67-82b7-c77245d63813,Kalpana Chawla Government Medical College,Karnal,Haryana,Government,State Govt,2017,100,"[""MD Medicine"",""MS Surgery"",""MD Pediatrics""]",A relatively new government college with modern infrastructure.,true,2026-04-21 11:57:14.097368+00,2026-04-21 12:10:36.822416+00,https://images.unsplash.com/photo-1519311371416-0394335ce46a?q=80&w=1000&auto=format&fit=crop
79eca23b-b013-4d6b-afb3-2650f719b86f,VMMC & Safdarjung Hospital,New Delhi,Delhi,Government,Central Govt,2001,250,"[""MD Medicine"",""MS Surgery"",""MD Dermatology""]",A major government medical college.,true,2026-04-21 11:57:14.097368+00,2026-04-21 12:10:36.822416+00,https://images.unsplash.com/photo-1551601651-2a8555f1a136?q=80&w=1000&auto=format&fit=crop
7a050822-62c7-49d9-919f-fbe50da35f12,Zydus Medical College,Dahod,Gujarat,Private,Trust,2018,90,"[""MD Medicine"",""MS Surgery"",""MD Microbiology""]",A newer private institution with modern infrastructure.,true,2026-04-21 11:57:14.097368+00,2026-04-21 12:10:36.822416+00,https://images.unsplash.com/photo-1516549655169-df83a0774514?q=80&w=1000&auto=format&fit=crop
7ada2c26-8649-4386-afba-aec11c99866d,Vydehi Institute of Medical Sciences,Bengaluru,Karnataka,Private,Trust,2000,180,"[""MD Medicine"",""MS Surgery"",""MD Radiology""]",A reputed private college with modern infrastructure.,true,2026-04-21 11:57:14.097368+00,2026-04-21 12:10:36.822416+00,https://images.unsplash.com/photo-1586773860418-d37222d8fce2?q=80&w=1000&auto=format&fit=crop
7ba758d5-54ee-4ada-8bb0-4257aeea5eb9,Amrita Institute of Medical Sciences,Kochi,Kerala,Deemed,Deemed University,2002,220,"[""MD Medicine"",""MS Surgery"",""MD Radiology""]",A premier deemed medical university with national reputation.,true,2026-04-21 11:57:14.097368+00,2026-04-21 12:10:36.822416+00,https://images.unsplash.com/photo-1516549655169-df83a0774514?q=80&w=1000&auto=format&fit=crop
7d900192-ddd8-47ac-9916-d93e9adc5fc0,Shaheed Hasan Khan Mewati Government Medical College,Nalhar,Haryana,Government,State Govt,2013,90,"[""MD Medicine"",""MS Surgery"",""MD Community Medicine""]",A government college catering to rural population with diverse case mix.,true,2026-04-21 11:57:14.097368+00,2026-04-21 12:10:36.822416+00,https://images.unsplash.com/photo-1551601651-2a8555f1a136?q=80&w=1000&auto=format&fit=crop
7df31d2a-5954-417a-a2b3-9215ccd087e7,Government Medical College Miraj,Miraj,Maharashtra,Government,State Govt,1962,180,"[""MD Medicine"",""MS Surgery"",""MD Pediatrics""]",A reputed government institution.,true,2026-04-21 11:57:14.097368+00,2026-04-21 12:10:36.822416+00,https://images.unsplash.com/photo-1516549655169-df83a0774514?q=80&w=1000&auto=format&fit=crop
7e70b79a-76a5-4e41-a776-7f652d02129a,Government Medical College Srinagar,Srinagar,Jammu & Kashmir,Government,State Govt,1959,220,"[""MD General Medicine"",""MS General Surgery"",""MD Radiology""]",A premier government medical college in Kashmir.,true,2026-04-21 11:57:14.097368+00,2026-04-21 12:10:36.822416+00,https://images.unsplash.com/photo-1519494026892-80bbd2d6fd0d?q=80&w=1000&auto=format&fit=crop
80fb7eeb-e666-4898-80cf-5790a3c69248,"Government Medical College, Anantapur",Anantapur,Andhra Pradesh,Government,State Govt,2000,90,"[""MD Medicine"",""MS Surgery"",""MD Anesthesia""]",A developing government college with improving clinical exposure and expanding departments.,true,2026-04-21 11:57:14.097368+00,2026-04-21 12:10:36.822416+00,https://images.unsplash.com/photo-1516549655169-df83a0774514?q=80&w=1000&auto=format&fit=crop
81ace25b-ce59-4102-b6bf-ad592acaa72a,AIIMS Kalyani,Kalyani,West Bengal,Government,Central Govt (INI),2019,50,"[""MD Community Medicine"",""MD Anatomy"",""MD Physiology""]",A newer AIIMS institute.,true,2026-04-21 11:57:14.097368+00,2026-04-21 12:10:36.822416+00,https://images.unsplash.com/photo-1586773860418-d37222d8fce2?q=80&w=1000&auto=format&fit=crop
821e17a5-504c-4377-ad0e-176c0a5efbc7,Chettinad Hospital & Research Institute,Chennai,Tamil Nadu,Deemed,Deemed University,2006,200,"[""MD Medicine"",""MS Surgery"",""MD Radiology""]",A reputed deemed university with modern infrastructure.,true,2026-04-21 11:57:14.097368+00,2026-04-21 12:10:36.822416+00,https://images.unsplash.com/photo-1519311371416-0394335ce46a?q=80&w=1000&auto=format&fit=crop
832ca422-9f4a-40be-868e-6e89ac971d06,Gauhati Medical College,Guwahati,Assam,Government,State Govt,1960,220,"[""MD General Medicine"",""MS General Surgery"",""MD Radiology""]",The premier medical college of Assam with strong academic reputation.,true,2026-04-21 11:57:14.097368+00,2026-04-21 12:10:36.822416+00,https://images.unsplash.com/photo-1586773860418-d37222d8fce2?q=80&w=1000&auto=format&fit=crop
84b6e5a6-2945-46bb-b5cd-03f6235103d6,MES Medical College,Malappuram,Kerala,Private,Trust,2004,100,"[""MD Medicine"",""MS Surgery"",""MD Pediatrics""]",A private institution with growing academic reputation in Kerala.,true,2026-04-21 11:57:14.097368+00,2026-04-21 12:10:36.822416+00,https://images.unsplash.com/photo-1519311371416-0394335ce46a?q=80&w=1000&auto=format&fit=crop
87f6d22d-9cd6-4909-ac62-142be2ecb817,Seth GS Medical College,Mumbai,Maharashtra,Government,State Govt,1926,300,"[""MD Medicine"",""MS Surgery"",""MD Pediatrics""]",A premier government medical college associated with KEM Hospital.,true,2026-04-21 11:57:14.097368+00,2026-04-21 12:10:36.822416+00,https://images.unsplash.com/photo-1586773860418-d37222d8fce2?q=80&w=1000&auto=format&fit=crop
88b1ca44-1039-431d-bf30-d9adffe551f3,Adani Institute of Medical Sciences,Bhuj,Gujarat,Private,Trust,2009,110,"[""MD Medicine"",""MS Surgery"",""MD Pediatrics""]",A well-established private medical college in Kutch region.,true,2026-04-21 11:57:14.097368+00,2026-04-21 12:10:36.822416+00,https://images.unsplash.com/photo-1519494026892-80bbd2d6fd0d?q=80&w=1000&auto=format&fit=crop
893dd295-83e2-4e42-9706-e48cc293ebc9,MGM Medical College,Jamshedpur,Jharkhand,Government,State Govt,1961,120,"[""MD Medicine"",""MS Surgery"",""MD Pediatrics""]",A well-established government medical college with good academic standing.,true,2026-04-21 11:57:14.097368+00,2026-04-21 12:10:36.822416+00,https://images.unsplash.com/photo-1516549655169-df83a0774514?q=80&w=1000&auto=format&fit=crop
8ae1ce9e-02c5-44ef-9bc8-de119704a0c5,Maulana Azad Medical College,New Delhi,Delhi,Government,State Govt,1958,300,"[""MD Medicine"",""MS Surgery"",""MD Pediatrics""]",One of the top government medical colleges in India.,true,2026-04-21 11:57:14.097368+00,2026-04-21 12:10:36.822416+00,https://images.unsplash.com/photo-1516549655169-df83a0774514?q=80&w=1000&auto=format&fit=crop
8ca8ad93-cd59-46e8-af93-92079fa7ac4c,Tirunelveli Medical College,Tirunelveli,Tamil Nadu,Government,State Govt,1965,220,"[""MD Medicine"",""MS Surgery"",""MD Radiology""]",A reputed government medical college.,true,2026-04-21 11:57:14.097368+00,2026-04-21 12:10:36.822416+00,https://images.unsplash.com/photo-1586773860418-d37222d8fce2?q=80&w=1000&auto=format&fit=crop
8d190c4b-55e5-4628-90c2-3e1d70c010e5,Jawaharlal Nehru Medical College Belagavi,Belagavi,Karnataka,Deemed,Deemed University,1963,220,"[""MD Medicine"",""MS Surgery"",""MD Pediatrics""]",A reputed deemed university under KLE with strong academic reputation.,true,2026-04-21 11:57:14.097368+00,2026-04-21 12:10:36.822416+00,https://images.unsplash.com/photo-1579684385127-1ef15d508118?q=80&w=1000&auto=format&fit=crop
8d43b013-fba8-4711-9223-1201239431f9,Pandit Deendayal Upadhyay Medical College,Rajkot,Gujarat,Government,State Govt,1995,160,"[""MD Medicine"",""MS Surgery"",""MD Radiology""]",A leading government college in Rajkot with strong clinical exposure.,true,2026-04-21 11:57:14.097368+00,2026-04-21 12:10:36.822416+00,https://images.unsplash.com/photo-1586773860418-d37222d8fce2?q=80&w=1000&auto=format&fit=crop
8e34818f-0962-4e90-82fc-c1d515136b7a,AIIMS Jodhpur,Jodhpur,Rajasthan,Government,Central Govt (INI),2012,140,"[""MD General Medicine"",""MS General Surgery"",""MD Radiology""]",An Institute of National Importance with strong academic ecosystem.,true,2026-04-21 11:57:14.097368+00,2026-04-21 12:10:36.822416+00,https://images.unsplash.com/photo-1519311371416-0394335ce46a?q=80&w=1000&auto=format&fit=crop
8f0217e0-d911-4427-9ea6-711ed80f6b87,JIPMER,Puducherry,Puducherry,Government,Central Govt (INI),1964,200,"[""MD General Medicine"",""MS General Surgery"",""DM Cardiology""]",A premier Institute of National Importance.,true,2026-04-21 11:57:14.097368+00,2026-04-21 12:10:36.822416+00,https://images.unsplash.com/photo-1519311371416-0394335ce46a?q=80&w=1000&auto=format&fit=crop
90ace5b5-75a3-4774-ab5e-6a981397a821,Terna Medical College,Navi Mumbai,Maharashtra,Private,Trust,1991,120,"[""MD Medicine"",""MS Surgery"",""MD Radiology""]",A well-known private institution.,true,2026-04-21 11:57:14.097368+00,2026-04-21 12:10:36.822416+00,https://images.unsplash.com/photo-1586773860418-d37222d8fce2?q=80&w=1000&auto=format&fit=crop
93809f38-bfbc-40d4-a5c6-0ace3cab90b3,Chirayu Medical College,Bhopal,Madhya Pradesh,Private,Trust,2011,140,"[""MD Medicine"",""MS Surgery"",""MD Radiology""]",A well-established private institution.,true,2026-04-21 11:57:14.097368+00,2026-04-21 12:10:36.822416+00,https://images.unsplash.com/photo-1519311371416-0394335ce46a?q=80&w=1000&auto=format&fit=crop
94f5691f-8239-4553-a4ac-e4e1ae629785,Government Medical College Bilaspur,Bilaspur,Chhattisgarh,Government,State Govt,2001,120,"[""MD Medicine"",""MS Surgery"",""MD Anesthesia""]",A major government institution serving northern Chhattisgarh.,true,2026-04-21 11:57:14.097368+00,2026-04-21 12:10:36.822416+00,https://images.unsplash.com/photo-1586773860418-d37222d8fce2?q=80&w=1000&auto=format&fit=crop
9504ccff-17bb-4dd7-a015-c2926c6ee861,Agartala Government Medical College,Agartala,Tripura,Government,State Govt,2005,100,"[""MD General Medicine"",""MS General Surgery"",""MD Pediatrics""]",The primary government medical college in Tripura.,true,2026-04-21 11:57:14.097368+00,2026-04-21 12:10:36.822416+00,https://images.unsplash.com/photo-1579684385127-1ef15d508118?q=80&w=1000&auto=format&fit=crop
95f872f3-0da8-4752-badc-e0501a11308e,SRM Medical College,Chennai,Tamil Nadu,Deemed,Deemed University,2005,200,"[""MD Medicine"",""MS Surgery"",""MD Radiology""]",A reputed deemed university.,true,2026-04-21 11:57:14.097368+00,2026-04-21 12:10:36.822416+00,https://images.unsplash.com/photo-1519494026892-80bbd2d6fd0d?q=80&w=1000&auto=format&fit=crop
9751a37a-fecc-425b-a39d-1142cb48151c,Government Medical College Vadodara,Vadodara,Gujarat,Government,State Govt,1949,200,"[""MD Medicine"",""MS Orthopedics"",""MD Anesthesia""]",A well-established government institution with strong academic base.,true,2026-04-21 11:57:14.097368+00,2026-04-21 12:10:36.822416+00,https://images.unsplash.com/photo-1519311371416-0394335ce46a?q=80&w=1000&auto=format&fit=crop
9757cc5b-cde1-4f08-b8ff-2abe96b72136,Vijayanagara Institute of Medical Sciences,Ballari,Karnataka,Government,State Govt,1961,180,"[""MD Medicine"",""MS Surgery"",""MD Pediatrics""]",A reputed government institution serving North Karnataka.,true,2026-04-21 11:57:14.097368+00,2026-04-21 12:10:36.822416+00,https://images.unsplash.com/photo-1516549655169-df83a0774514?q=80&w=1000&auto=format&fit=crop
99dc1a23-8182-4855-bd16-998d75e717f9,Belagavi Institute of Medical Sciences,Belagavi,Karnataka,Government,State Govt,2006,140,"[""MD Medicine"",""MS Surgery"",""MD Anesthesia""]",A government college with growing academic reputation.,true,2026-04-21 11:57:14.097368+00,2026-04-21 12:10:36.822416+00,https://images.unsplash.com/photo-1586773860418-d37222d8fce2?q=80&w=1000&auto=format&fit=crop
9a492587-7505-4524-9e80-a62f4161a944,Apollo Institute of Medical Sciences,Hyderabad,Telangana,Private,Private University,2012,120,"[""MD Medicine"",""MS Surgery"",""MD Radiology""]",A private institution under Apollo Hospitals.,true,2026-04-21 11:57:14.097368+00,2026-04-21 12:10:36.822416+00,https://images.unsplash.com/photo-1586773860418-d37222d8fce2?q=80&w=1000&auto=format&fit=crop
9a87dfbb-eda3-4064-ba91-4380125a7577,Madras Medical College,Chennai,Tamil Nadu,Government,State Govt,1835,350,"[""MD General Medicine"",""MS General Surgery"",""MD Radiology""]",One of the oldest and most prestigious medical colleges in India.,true,2026-04-21 11:57:14.097368+00,2026-04-21 12:10:36.822416+00,https://images.unsplash.com/photo-1519311371416-0394335ce46a?q=80&w=1000&auto=format&fit=crop
9face03e-e753-496b-903c-d9e55938a144,Government Medical College Ratlam,Ratlam,Madhya Pradesh,Government,State Govt,2018,80,"[""MD Medicine"",""MS Surgery"",""MD Pathology""]",A newer government medical college.,true,2026-04-21 11:57:14.097368+00,2026-04-21 12:10:36.822416+00,https://images.unsplash.com/photo-1551601651-2a8555f1a136?q=80&w=1000&auto=format&fit=crop
a0fb3933-3049-4fc6-9eaa-3d86f7b0fde9,PGIMER,Chandigarh,Chandigarh,Government,Central Govt (INI),1962,300,"[""MD General Medicine"",""MS General Surgery"",""DM Cardiology""]",One of the premier Institutes of National Importance in India.,true,2026-04-21 11:57:14.097368+00,2026-04-21 12:10:36.822416+00,https://images.unsplash.com/photo-1551601651-2a8555f1a136?q=80&w=1000&auto=format&fit=crop
a168e948-aed1-4945-83f7-eedd10c3cdf9,Government Medical College Kozhikode,Kozhikode,Kerala,Government,State Govt,1957,280,"[""MD Medicine"",""MS Surgery"",""MD Pediatrics""]",A premier government medical college in North Kerala.,true,2026-04-21 11:57:14.097368+00,2026-04-21 12:10:36.822416+00,https://images.unsplash.com/photo-1516549655169-df83a0774514?q=80&w=1000&auto=format&fit=crop
a19d8b97-9e28-4ef4-a310-1f60645d75fc,Government Medical College Nanded,Nanded,Maharashtra,Government,State Govt,1988,160,"[""MD Medicine"",""MS Surgery"",""MD Radiology""]",A well-known government institution in Marathwada.,true,2026-04-21 11:57:14.097368+00,2026-04-21 12:10:36.822416+00,https://images.unsplash.com/photo-1551601651-2a8555f1a136?q=80&w=1000&auto=format&fit=crop
a1b6b3ec-6ac7-425c-84e2-afc9a7ea456f,Era's Lucknow Medical College,Lucknow,Uttar Pradesh,Private,Private University,2001,150,"[""MD Medicine"",""MS Surgery"",""MD Pathology""]",A reputed private institution.,true,2026-04-21 11:57:14.097368+00,2026-04-21 12:10:36.822416+00,https://images.unsplash.com/photo-1519311371416-0394335ce46a?q=80&w=1000&auto=format&fit=crop
a2ad3936-4a12-4f43-a9f1-6f064ba5a401,Dr. S.N. Medical College,Jodhpur,Rajasthan,Government,State Govt,1965,250,"[""MD Medicine"",""MS Surgery"",""MD Radiology""]",A well-established government institution.,true,2026-04-21 11:57:14.097368+00,2026-04-21 12:10:36.822416+00,https://images.unsplash.com/photo-1579684385127-1ef15d508118?q=80&w=1000&auto=format&fit=crop
a2b08fc0-6a23-4a93-a87c-f3607cebc166,Maharaja Agrasen Medical College,Agroha,Haryana,Private,Trust,2002,120,"[""MD Medicine"",""MS Surgery"",""MD Radiology""]",A well-known private medical college with strong academic programs.,true,2026-04-21 11:57:14.097368+00,2026-04-21 12:10:36.822416+00,https://images.unsplash.com/photo-1579684385127-1ef15d508118?q=80&w=1000&auto=format&fit=crop
a39c6bd3-b884-4a76-9c97-1938c05980f6,ESIC Medical College Bengaluru,Bengaluru,Karnataka,Government,Central Govt,2012,150,"[""MD Medicine"",""MS Surgery"",""MD Dermatology""]",A central government institution under ESIC with modern infrastructure.,true,2026-04-21 11:57:14.097368+00,2026-04-21 12:10:36.822416+00,https://images.unsplash.com/photo-1579684385127-1ef15d508118?q=80&w=1000&auto=format&fit=crop
a445a2dd-7c34-46c5-b59f-b69f0150d353,AIIMS Bibinagar,Bibinagar,Telangana,Government,Central Govt (INI),2019,40,"[""MD Community Medicine"",""MD Anatomy"",""MD Physiology""]",A newer AIIMS institute with modern infrastructure.,true,2026-04-21 11:57:14.097368+00,2026-04-21 12:10:36.822416+00,https://images.unsplash.com/photo-1516549655169-df83a0774514?q=80&w=1000&auto=format&fit=crop
a4cb622f-7635-431f-9347-088686650152,Government Medical College Thrissur,Thrissur,Kerala,Government,State Govt,1982,180,"[""MD Medicine"",""MS Surgery"",""MD Anesthesia""]",A reputed government medical college with good academic standards.,true,2026-04-21 11:57:14.097368+00,2026-04-21 12:10:36.822416+00,https://images.unsplash.com/photo-1519311371416-0394335ce46a?q=80&w=1000&auto=format&fit=crop
a6b489ef-b2bf-46d3-ac67-ed01907f1243,Shri Guru Ram Rai Institute of Medical & Health Sciences,Dehradun,Uttarakhand,Private,Private University,2006,120,"[""MD Medicine"",""MS Surgery"",""MD Dermatology""]",A well-known private medical college.,true,2026-04-21 11:57:14.097368+00,2026-04-21 12:10:36.822416+00,https://images.unsplash.com/photo-1516549655169-df83a0774514?q=80&w=1000&auto=format&fit=crop
a6e33453-b5e1-4cc4-85ea-c57d96c8d6ed,Government Medical College Jammu,Jammu,Jammu & Kashmir,Government,State Govt,1973,200,"[""MD Medicine"",""MS Surgery"",""MD Pediatrics""]",A well-established government institution.,true,2026-04-21 11:57:14.097368+00,2026-04-21 12:10:36.822416+00,https://images.unsplash.com/photo-1516549655169-df83a0774514?q=80&w=1000&auto=format&fit=crop
a7d7ecea-9d73-4c88-8a91-111b847c2361,AIIMS Raipur,Raipur,Chhattisgarh,Government,Central Govt (INI),2012,120,"[""MD General Medicine"",""MS General Surgery"",""MD Radiology""]",An Institute of National Importance with strong academic framework and modern infrastructure.,true,2026-04-21 11:57:14.097368+00,2026-04-21 12:10:36.822416+00,https://images.unsplash.com/photo-1519494026892-80bbd2d6fd0d?q=80&w=1000&auto=format&fit=crop
a7f03ac9-4285-4bb2-a573-d39951da7a3e,Gajra Raja Medical College,Gwalior,Madhya Pradesh,Government,State Govt,1946,200,"[""MD Medicine"",""MS Surgery"",""MD Pediatrics""]",A reputed government college with long-standing academic legacy.,true,2026-04-21 11:57:14.097368+00,2026-04-21 12:10:36.822416+00,https://images.unsplash.com/photo-1586773860418-d37222d8fce2?q=80&w=1000&auto=format&fit=crop
a83b6370-fba1-4301-b736-d983ac1b0b98,Sri Padmavathi Medical College for Women,Tirupati,Andhra Pradesh,Government,State Govt,2014,100,"[""MD Medicine"",""MS Obstetrics & Gynecology"",""MD Pediatrics""]",A dedicated women's medical college with strong academic focus and modern infrastructure.,true,2026-04-21 11:57:14.097368+00,2026-04-21 12:10:36.822416+00,https://images.unsplash.com/photo-1519494026892-80bbd2d6fd0d?q=80&w=1000&auto=format&fit=crop
aad9de67-d40a-4078-aec9-01d419310347,GMERS Medical College Dharpur-Patan,Dharpur-Patan,Gujarat,Government,State Govt,2012,90,"[""MD Medicine"",""MS Surgery"",""MD Pediatrics""]",A government college with steady academic growth.,true,2026-04-21 11:57:14.097368+00,2026-04-21 12:10:36.822416+00,https://images.unsplash.com/photo-1519494026892-80bbd2d6fd0d?q=80&w=1000&auto=format&fit=crop
ac0d254a-3f13-43cd-ae7b-3a8f1b71afa2,Bharati Vidyapeeth Medical College,Pune,Maharashtra,Deemed,Deemed University,1989,200,"[""MD Medicine"",""MS Surgery"",""MD Radiology""]",A prominent deemed university.,true,2026-04-21 11:57:14.097368+00,2026-04-21 12:10:36.822416+00,https://images.unsplash.com/photo-1551601651-2a8555f1a136?q=80&w=1000&auto=format&fit=crop
ac5c7f28-1c1a-4bcf-8f5b-a165c886684e,Christian Medical College Vellore,Vellore,Tamil Nadu,Private,Trust,1900,250,"[""MD Medicine"",""MS Surgery"",""MD Radiology""]",One of the top private medical colleges in India with global reputation.,true,2026-04-21 11:57:14.097368+00,2026-04-21 12:10:36.822416+00,https://images.unsplash.com/photo-1579684385127-1ef15d508118?q=80&w=1000&auto=format&fit=crop
ad8b2132-d9a0-45ca-8f42-937b46f21989,St. John's Medical College,Bengaluru,Karnataka,Private,Trust,1963,180,"[""MD Medicine"",""MS Surgery"",""MD Pediatrics""]",One of the top private medical colleges in India.,true,2026-04-21 11:57:14.097368+00,2026-04-21 12:10:36.822416+00,https://images.unsplash.com/photo-1516549655169-df83a0774514?q=80&w=1000&auto=format&fit=crop
af159812-48a5-4d7b-9dff-ea93c2b79f45,GSVM Medical College,Kanpur,Uttar Pradesh,Government,State Govt,1955,250,"[""MD Medicine"",""MS Surgery"",""MD Pediatrics""]",A well-established government medical college.,true,2026-04-21 11:57:14.097368+00,2026-04-21 12:10:36.822416+00,https://images.unsplash.com/photo-1519311371416-0394335ce46a?q=80&w=1000&auto=format&fit=crop
b00432a2-38b2-4f66-b74f-6b870cbb0add,Mandya Institute of Medical Sciences,Mandya,Karnataka,Government,State Govt,2005,150,"[""MD Medicine"",""MS Surgery"",""MD Obstetrics & Gynecology""]",A well-established government college with consistent academic growth.,true,2026-04-21 11:57:14.097368+00,2026-04-21 12:10:36.822416+00,https://images.unsplash.com/photo-1519494026892-80bbd2d6fd0d?q=80&w=1000&auto=format&fit=crop
b054bf53-c5c8-4725-9430-39dcb6e5714f,NIMS Medical College,Jaipur,Rajasthan,Private,Private University,2004,180,"[""MD Medicine"",""MS Surgery"",""MD Radiology""]",A well-established private university medical college.,true,2026-04-21 11:57:14.097368+00,2026-04-21 12:10:36.822416+00,https://images.unsplash.com/photo-1516549655169-df83a0774514?q=80&w=1000&auto=format&fit=crop
b097032b-813d-4f2c-a39d-4c1923baf5cf,Sri Aurobindo Medical College,Indore,Madhya Pradesh,Private,Private University,2003,200,"[""MD Medicine"",""MS Surgery"",""MD Radiology""]",A reputed private medical college with advanced infrastructure.,true,2026-04-21 11:57:14.097368+00,2026-04-21 12:10:36.822416+00,https://images.unsplash.com/photo-1551601651-2a8555f1a136?q=80&w=1000&auto=format&fit=crop
b180bdbe-741f-4d16-8225-b42b521c1236,SMS Medical College,Jaipur,Rajasthan,Government,State Govt,1947,300,"[""MD Medicine"",""MS Surgery"",""MD Pediatrics""]",The premier government medical college of Rajasthan.,true,2026-04-21 11:57:14.097368+00,2026-04-21 12:10:36.822416+00,https://images.unsplash.com/photo-1551601651-2a8555f1a136?q=80&w=1000&auto=format&fit=crop
b1c46d22-2002-472e-8ce1-8d28438de48e,ESIC Medical College Hyderabad,Hyderabad,Telangana,Government,Central Govt,2016,120,"[""MD Medicine"",""MS Surgery"",""MD Dermatology""]",A central government medical college under ESIC.,true,2026-04-21 11:57:14.097368+00,2026-04-21 12:10:36.822416+00,https://images.unsplash.com/photo-1579684385127-1ef15d508118?q=80&w=1000&auto=format&fit=crop
b4b1252c-94b0-40ff-88d2-c1d5c91c0d8b,King George's Medical University,Lucknow,Uttar Pradesh,Government,State Govt,1905,400,"[""MD Medicine"",""MS Surgery"",""MD Radiology""]",One of the top medical universities in India.,true,2026-04-21 11:57:14.097368+00,2026-04-21 12:10:36.822416+00,https://images.unsplash.com/photo-1519494026892-80bbd2d6fd0d?q=80&w=1000&auto=format&fit=crop
b6414d92-e925-4dd0-a5d5-d4e98eec059f,C.U. Shah Medical College,Surendranagar,Gujarat,Private,Trust,2000,100,"[""MD Medicine"",""MS Surgery"",""MD Pathology""]",A private medical college with growing academic presence.,true,2026-04-21 11:57:14.097368+00,2026-04-21 12:10:36.822416+00,https://images.unsplash.com/photo-1519494026892-80bbd2d6fd0d?q=80&w=1000&auto=format&fit=crop
b64461d5-4fa2-4c4f-b1aa-cbbf9938f25d,Stanley Medical College,Chennai,Tamil Nadu,Government,State Govt,1938,300,"[""MD Medicine"",""MS Surgery"",""MD Pediatrics""]",A premier government medical college in Chennai.,true,2026-04-21 11:57:14.097368+00,2026-04-21 12:10:36.822416+00,https://images.unsplash.com/photo-1551601651-2a8555f1a136?q=80&w=1000&auto=format&fit=crop
b65b4cc4-948d-4d0a-b332-5cfe4d134d28,Nil Ratan Sircar Medical College,Kolkata,West Bengal,Government,State Govt,1873,250,"[""MD Medicine"",""MS Surgery"",""MD Pediatrics""]",A major government medical college in Kolkata.,true,2026-04-21 11:57:14.097368+00,2026-04-21 12:10:36.822416+00,https://images.unsplash.com/photo-1519494026892-80bbd2d6fd0d?q=80&w=1000&auto=format&fit=crop
b86d8259-9ea4-49c7-ae58-cc16555ffcdf,Sikkim Manipal Institute of Medical Sciences,Gangtok,Sikkim,Private,Private University,2000,80,"[""MD General Medicine"",""MS General Surgery"",""MD Pediatrics""]",A well-established private medical college under Manipal Group.,true,2026-04-21 11:57:14.097368+00,2026-04-21 12:10:36.822416+00,https://images.unsplash.com/photo-1586773860418-d37222d8fce2?q=80&w=1000&auto=format&fit=crop
b8e095e0-9b29-4491-ac0d-4def455df1f3,Mallareddy Medical College,Hyderabad,Telangana,Private,Trust,2012,120,"[""MD Medicine"",""MS Surgery"",""MD Pathology""]",A growing private medical college.,true,2026-04-21 11:57:14.097368+00,2026-04-21 12:10:36.822416+00,https://images.unsplash.com/photo-1551601651-2a8555f1a136?q=80&w=1000&auto=format&fit=crop
b9021d81-5d68-4aff-9f2e-1b52828d86ad,Kilpauk Medical College,Chennai,Tamil Nadu,Government,State Govt,1960,280,"[""MD Medicine"",""MS Surgery"",""MD Obstetrics & Gynecology""]",A well-established government institution.,true,2026-04-21 11:57:14.097368+00,2026-04-21 12:10:36.822416+00,https://images.unsplash.com/photo-1579684385127-1ef15d508118?q=80&w=1000&auto=format&fit=crop
b97bd56b-66a4-42b4-8188-2577a942a84e,Guntur Medical College,Guntur,Andhra Pradesh,Government,State Govt,1946,220,"[""MD General Medicine"",""MS Orthopedics"",""MD Pediatrics""]",A reputed government college with consistent NEET PG demand and strong clinical training.,true,2026-04-21 11:57:14.097368+00,2026-04-21 12:10:36.822416+00,https://images.unsplash.com/photo-1586773860418-d37222d8fce2?q=80&w=1000&auto=format&fit=crop
bb90286a-1ffb-4489-bdbd-526f332994d8,Shri Atal Bihari Vajpayee Medical College,Bengaluru,Karnataka,Government,State Govt,2019,60,"[""MD Medicine"",""MS Surgery"",""MD Community Medicine""]",A newer government medical college with modern infrastructure.,true,2026-04-21 11:57:14.097368+00,2026-04-21 12:10:36.822416+00,https://images.unsplash.com/photo-1519494026892-80bbd2d6fd0d?q=80&w=1000&auto=format&fit=crop
bbdb6fd6-0b75-4e69-864d-5620ce239671,Subharti Medical College,Meerut,Uttar Pradesh,Private,Private University,1996,180,"[""MD Medicine"",""MS Surgery"",""MD Pediatrics""]",A well-known private medical college.,true,2026-04-21 11:57:14.097368+00,2026-04-21 12:10:36.822416+00,https://images.unsplash.com/photo-1586773860418-d37222d8fce2?q=80&w=1000&auto=format&fit=crop
bc29a1ea-7b84-4c31-ab57-9d3327febf51,Kasturba Medical College Mangaluru,Mangaluru,Karnataka,Deemed,Deemed University,1955,220,"[""MD Medicine"",""MS Surgery"",""MD Pediatrics""]",A highly reputed deemed institution with strong academic standards.,true,2026-04-21 11:57:14.097368+00,2026-04-21 12:10:36.822416+00,https://images.unsplash.com/photo-1519311371416-0394335ce46a?q=80&w=1000&auto=format&fit=crop
bda1f6e9-5f9f-4156-bf88-40b958229546,Christian Medical College Ludhiana,Ludhiana,Punjab,Private,Trust,1894,160,"[""MD Medicine"",""MS Surgery"",""MD Pediatrics""]",One of the oldest private medical colleges in India.,true,2026-04-21 11:57:14.097368+00,2026-04-21 12:10:36.822416+00,https://images.unsplash.com/photo-1516549655169-df83a0774514?q=80&w=1000&auto=format&fit=crop
bdd4772b-7821-4e13-b43f-1186be5c6184,RUHS College of Medical Sciences,Jaipur,Rajasthan,Government,State Govt,2014,120,"[""MD Medicine"",""MS Surgery"",""MD Community Medicine""]",A newer government medical college under RUHS.,true,2026-04-21 11:57:14.097368+00,2026-04-21 12:10:36.822416+00,https://images.unsplash.com/photo-1519311371416-0394335ce46a?q=80&w=1000&auto=format&fit=crop
bed177b3-ce60-4292-9662-9b8c830bac04,Mysore Medical College and Research Institute,Mysuru,Karnataka,Government,State Govt,1924,250,"[""MD Medicine"",""MS Surgery"",""MD Pediatrics""]",A prestigious government medical college with rich academic legacy.,true,2026-04-21 11:57:14.097368+00,2026-04-21 12:10:36.822416+00,https://images.unsplash.com/photo-1551601651-2a8555f1a136?q=80&w=1000&auto=format&fit=crop
bf198460-fb2d-42c3-a4ca-40e7064957a1,RKDF Medical College,Bhopal,Madhya Pradesh,Private,Private University,2014,100,"[""MD Medicine"",""MS Surgery"",""MD Pathology""]",A developing private institution.,true,2026-04-21 11:57:14.097368+00,2026-04-21 12:10:36.822416+00,https://images.unsplash.com/photo-1579684385127-1ef15d508118?q=80&w=1000&auto=format&fit=crop
bf1b2ae7-ff1a-41da-8a20-457dfa1ba73f,MVJ Medical College,Bengaluru,Karnataka,Private,Trust,2001,120,"[""MD Medicine"",""MS Surgery"",""MD Pediatrics""]",A well-known private institution.,true,2026-04-21 11:57:14.097368+00,2026-04-21 12:10:36.822416+00,https://images.unsplash.com/photo-1519311371416-0394335ce46a?q=80&w=1000&auto=format&fit=crop
c021f1a2-f772-40ae-8b74-5cdfabc70e88,Meenakshi Medical College,Kanchipuram,Tamil Nadu,Deemed,Deemed University,2003,180,"[""MD Medicine"",""MS Surgery"",""MD Pediatrics""]",A well-established deemed institution.,true,2026-04-21 11:57:14.097368+00,2026-04-21 12:10:36.822416+00,https://images.unsplash.com/photo-1551601651-2a8555f1a136?q=80&w=1000&auto=format&fit=crop
c2b3207e-2316-4248-9459-deb1a77ef014,Lady Hardinge Medical College,New Delhi,Delhi,Government,Central Govt,1916,200,"[""MD Medicine"",""MS Obstetrics & Gynecology"",""MD Pediatrics""]",A prestigious government medical college.,true,2026-04-21 11:57:14.097368+00,2026-04-21 12:10:36.822416+00,https://images.unsplash.com/photo-1586773860418-d37222d8fce2?q=80&w=1000&auto=format&fit=crop
c311db82-2670-40ca-94e4-8c4fa941be46,Index Medical College,Indore,Madhya Pradesh,Private,Private University,2006,150,"[""MD Medicine"",""MS Surgery"",""MD Radiology""]",A well-known private medical college.,true,2026-04-21 11:57:14.097368+00,2026-04-21 12:10:36.822416+00,https://images.unsplash.com/photo-1519494026892-80bbd2d6fd0d?q=80&w=1000&auto=format&fit=crop
c416fd37-d5a4-4015-b282-cf1fed5a3f25,Katihar Medical College,Katihar,Bihar,Private,Trust,1987,120,"[""MD Medicine"",""MS Surgery"",""MD Radiology""]",A well-known private medical college with established PG programs.,true,2026-04-21 11:57:14.097368+00,2026-04-21 12:10:36.822416+00,https://images.unsplash.com/photo-1551601651-2a8555f1a136?q=80&w=1000&auto=format&fit=crop
c44a3540-e6a4-48bd-88f9-5ad71123e6a8,SKIMS,Srinagar,Jammu & Kashmir,Government,State Govt,1988,180,"[""MD Medicine"",""MS Surgery"",""DM Cardiology""]",A premier tertiary care institute in J&K.,true,2026-04-21 11:57:14.097368+00,2026-04-21 12:10:36.822416+00,https://images.unsplash.com/photo-1586773860418-d37222d8fce2?q=80&w=1000&auto=format&fit=crop
c6ecb67f-7b7d-4c45-9c6a-876daa9e3219,Dr. DY Patil Medical College Navi Mumbai,Navi Mumbai,Maharashtra,Deemed,Deemed University,1989,220,"[""MD Medicine"",""MS Surgery"",""MD Pediatrics""]",A reputed deemed institution.,true,2026-04-21 11:57:14.097368+00,2026-04-21 12:10:36.822416+00,https://images.unsplash.com/photo-1519311371416-0394335ce46a?q=80&w=1000&auto=format&fit=crop
c6f4d831-883d-438c-8d5c-c8d7b1b1e7d1,Jawaharlal Nehru Medical College,Bhagalpur,Bihar,Government,State Govt,1971,130,"[""MD Medicine"",""MS Surgery"",""MD Pediatrics""]",A government college serving eastern Bihar with good clinical exposure.,true,2026-04-21 11:57:14.097368+00,2026-04-21 12:10:36.822416+00,https://images.unsplash.com/photo-1519311371416-0394335ce46a?q=80&w=1000&auto=format&fit=crop
c8b1fdb4-6626-4061-b200-a20108dbe465,Pramukhswami Medical College,Karamsad,Gujarat,Private,Private University,1987,160,"[""MD Medicine"",""MS Surgery"",""MD Pediatrics""]",A well-known private institution under Charutar Arogya Mandal.,true,2026-04-21 11:57:14.097368+00,2026-04-21 12:10:36.822416+00,https://images.unsplash.com/photo-1579684385127-1ef15d508118?q=80&w=1000&auto=format&fit=crop
c91329a0-dbfc-4c82-86a4-1b8811a723f6,Osmania Medical College,Hyderabad,Telangana,Government,State Govt,1846,300,"[""MD General Medicine"",""MS General Surgery"",""MD Radiology""]",One of the oldest and most prestigious medical colleges in India.,true,2026-04-21 11:57:14.097368+00,2026-04-21 12:10:36.822416+00,https://images.unsplash.com/photo-1586773860418-d37222d8fce2?q=80&w=1000&auto=format&fit=crop
ca26fef3-d4d3-4809-bc52-a0b6ccbc71c9,Sri Balaji Medical College,Tirupati,Andhra Pradesh,Private,Trust,2005,110,"[""MD Medicine"",""MS Orthopedics"",""MD Anesthesia""]",Located in Tirupati with good patient inflow and balanced clinical exposure.,true,2026-04-21 11:57:14.097368+00,2026-04-21 12:10:36.822416+00,https://images.unsplash.com/photo-1519494026892-80bbd2d6fd0d?q=80&w=1000&auto=format&fit=crop
cab98410-f881-4745-a548-6865a0c4cfb7,Kakatiya Medical College,Warangal,Telangana,Government,State Govt,1959,200,"[""MD Medicine"",""MS Surgery"",""MD Obstetrics & Gynecology""]",A well-established government institution.,true,2026-04-21 11:57:14.097368+00,2026-04-21 12:10:36.822416+00,https://images.unsplash.com/photo-1551601651-2a8555f1a136?q=80&w=1000&auto=format&fit=crop
cb75f02e-177f-40e4-ad81-2d42faa8bbb8,Government Medical College Rajkot,Rajkot,Gujarat,Government,State Govt,1995,180,"[""MD Medicine"",""MS Surgery"",""MD Pediatrics""]",A major government medical college in Saurashtra region.,true,2026-04-21 11:57:14.097368+00,2026-04-21 12:10:36.822416+00,https://images.unsplash.com/photo-1579684385127-1ef15d508118?q=80&w=1000&auto=format&fit=crop
cc554ba0-7e11-4cbc-8554-423ee28cce63,AIIMS Bilaspur,Bilaspur,Himachal Pradesh,Government,Central Govt (INI),2017,40,"[""MD Community Medicine"",""MD Anatomy"",""MD Biochemistry""]",An emerging AIIMS institute with modern infrastructure.,true,2026-04-21 11:57:14.097368+00,2026-04-21 12:10:36.822416+00,https://images.unsplash.com/photo-1551601651-2a8555f1a136?q=80&w=1000&auto=format&fit=crop
cdec2b6d-d42f-4703-9914-773ea0a955f4,B.J. Medical College,Ahmedabad,Gujarat,Government,State Govt,1946,300,"[""MD General Medicine"",""MS General Surgery"",""MD Radiology""]",One of the top government medical colleges in India. Attached Civil Hospital is among the largest in Asia.,true,2026-04-21 11:57:14.097368+00,2026-04-21 12:10:36.822416+00,https://images.unsplash.com/photo-1516549655169-df83a0774514?q=80&w=1000&auto=format&fit=crop
ce4de696-40bc-4e79-9156-7302908f3248,AIIMS Mangalagiri,Guntur,Andhra Pradesh,Government,Central Govt (INI),2018,25,"[""MD General Medicine"",""MD Community Medicine"",""MD Anatomy""]",An Institute of National Importance established under the Pradhan Mantri Swasthya Suraksha Yojana with modern infrastructure and advanced teaching facilities.,true,2026-04-21 11:57:14.097368+00,2026-04-21 12:10:36.822416+00,https://images.unsplash.com/photo-1519494026892-80bbd2d6fd0d?q=80&w=1000&auto=format&fit=crop
ceca4e48-0adb-4957-bbfc-27701f965200,SCB Medical College,Cuttack,Odisha,Government,State Govt,1944,250,"[""MD Medicine"",""MS Surgery"",""MD Pediatrics""]",The oldest and most prestigious medical college in Odisha.,true,2026-04-21 11:57:14.097368+00,2026-04-21 12:10:36.822416+00,https://images.unsplash.com/photo-1519311371416-0394335ce46a?q=80&w=1000&auto=format&fit=crop
d1e9570a-a066-43d3-8fff-a2977e5ba0e1,Himalayan Institute of Medical Sciences,Dehradun,Uttarakhand,Deemed,Deemed University,1995,150,"[""MD Medicine"",""MS Surgery"",""MD Radiology""]",A reputed deemed university medical college.,true,2026-04-21 11:57:14.097368+00,2026-04-21 12:10:36.822416+00,https://images.unsplash.com/photo-1519494026892-80bbd2d6fd0d?q=80&w=1000&auto=format&fit=crop
d26c8a64-9308-4574-915e-a4dc298f9c1f,MKCG Medical College,Berhampur,Odisha,Government,State Govt,1962,180,"[""MD Medicine"",""MS Surgery"",""MD Obstetrics & Gynecology""]",A major government medical college in southern Odisha.,true,2026-04-21 11:57:14.097368+00,2026-04-21 12:10:36.822416+00,https://images.unsplash.com/photo-1551601651-2a8555f1a136?q=80&w=1000&auto=format&fit=crop
d29d10b7-3917-4bad-b1ac-6cf517106ac8,JLN Medical College,Ajmer,Rajasthan,Government,State Govt,1965,180,"[""MD Medicine"",""MS Surgery"",""MD Radiology""]",A well-established government institution.,true,2026-04-21 11:57:14.097368+00,2026-04-21 12:10:36.822416+00,https://images.unsplash.com/photo-1586773860418-d37222d8fce2?q=80&w=1000&auto=format&fit=crop
d3941c40-30f5-4c36-a324-de9a9bfd80f3,JNMC AMU,Aligarh,Uttar Pradesh,Government,Central Govt,1962,300,"[""MD Medicine"",""MS Surgery"",""MD Radiology""]",A reputed medical college under Aligarh Muslim University.,true,2026-04-21 11:57:14.097368+00,2026-04-21 12:10:36.822416+00,https://images.unsplash.com/photo-1586773860418-d37222d8fce2?q=80&w=1000&auto=format&fit=crop
d62f7d05-76f5-46fc-ad61-d234786df284,Pacific Medical College,Udaipur,Rajasthan,Private,Private University,2014,130,"[""MD Medicine"",""MS Surgery"",""MD Pediatrics""]",A private medical college with modern infrastructure.,true,2026-04-21 11:57:14.097368+00,2026-04-21 12:10:36.822416+00,https://images.unsplash.com/photo-1519494026892-80bbd2d6fd0d?q=80&w=1000&auto=format&fit=crop
d72fc2ec-3da0-48da-877a-c1d335cfa8a9,Government Medical College Nagpur,Nagpur,Maharashtra,Government,State Govt,1947,230,"[""MD Medicine"",""MS Surgery"",""MD Pediatrics""]",A major government medical college in central India.,true,2026-04-21 11:57:14.097368+00,2026-04-21 12:10:36.822416+00,https://images.unsplash.com/photo-1579684385127-1ef15d508118?q=80&w=1000&auto=format&fit=crop
d76bb29b-6722-43f7-9ff0-db2e0c1f5f5e,SGT Medical College,Gurugram,Haryana,Private,Private University,2010,150,"[""MD Medicine"",""MS Orthopedics"",""MD Dermatology""]",A reputed private medical college in NCR region with modern infrastructure.,true,2026-04-21 11:57:14.097368+00,2026-04-21 12:10:36.822416+00,https://images.unsplash.com/photo-1516549655169-df83a0774514?q=80&w=1000&auto=format&fit=crop
d87067ed-ffcf-47fd-8b11-25b89bc2a431,GSL Medical College,Rajahmundry,Andhra Pradesh,Private,Trust,2002,140,"[""MD Medicine"",""MS Orthopedics"",""MD Anesthesia""]",A reputed private college with strong infrastructure and multiple PG specialties.,true,2026-04-21 11:57:14.097368+00,2026-04-21 12:10:36.822416+00,https://images.unsplash.com/photo-1519494026892-80bbd2d6fd0d?q=80&w=1000&auto=format&fit=crop
da60d379-c5ba-41db-a077-c2cf49f04750,AIIMS Bhopal,Bhopal,Madhya Pradesh,Government,Central Govt (INI),2012,150,"[""MD General Medicine"",""MS General Surgery"",""MD Radiology""]",An Institute of National Importance with strong academic ecosystem.,true,2026-04-21 11:57:14.097368+00,2026-04-21 12:10:36.822416+00,https://images.unsplash.com/photo-1551601651-2a8555f1a136?q=80&w=1000&auto=format&fit=crop
dcd37657-8930-45c1-b238-891edd1c1f33,Pt. B.D. Sharma PGIMS,Rohtak,Haryana,Government,State Govt,1960,300,"[""MD Medicine"",""MS Surgery"",""MD Radiology""]",The premier government medical institute of Haryana with massive patient inflow.,true,2026-04-21 11:57:14.097368+00,2026-04-21 12:10:36.822416+00,https://images.unsplash.com/photo-1586773860418-d37222d8fce2?q=80&w=1000&auto=format&fit=crop
dcef931f-80f8-4658-ba11-bea14ff0a761,Government Medical College Kannur,Kannur,Kerala,Government,State Govt,2006,120,"[""MD Medicine"",""MS Surgery"",""MD Community Medicine""]",A government institution serving North Kerala.,true,2026-04-21 11:57:14.097368+00,2026-04-21 12:10:36.822416+00,https://images.unsplash.com/photo-1519494026892-80bbd2d6fd0d?q=80&w=1000&auto=format&fit=crop
dd8d84fc-6bdf-4822-81ca-3b2b72f4729d,Great Eastern Medical School,Srikakulam,Andhra Pradesh,Private,Trust,2010,90,"[""MD Medicine"",""MS Surgery"",""MD Pathology""]",An emerging institution with improving academic standards and modern infrastructure.,true,2026-04-21 11:57:14.097368+00,2026-04-21 12:10:36.822416+00,https://images.unsplash.com/photo-1551601651-2a8555f1a136?q=80&w=1000&auto=format&fit=crop
dea2a25d-8827-45f1-a739-488840d91cd5,Thanjavur Medical College,Thanjavur,Tamil Nadu,Government,State Govt,1959,220,"[""MD Medicine"",""MS Surgery"",""MD Obstetrics & Gynecology""]",A reputed government medical college.,true,2026-04-21 11:57:14.097368+00,2026-04-21 12:10:36.822416+00,https://images.unsplash.com/photo-1519311371416-0394335ce46a?q=80&w=1000&auto=format&fit=crop
df5d02d2-7c52-4d88-970a-2979f70179a3,AIIMS Patna,Patna,Bihar,Government,Central Govt (INI),2012,120,"[""MD General Medicine"",""MS General Surgery"",""MD Radiology""]",An Institute of National Importance with rapidly expanding academic and clinical programs.,true,2026-04-21 11:57:14.097368+00,2026-04-21 12:10:36.822416+00,https://images.unsplash.com/photo-1519311371416-0394335ce46a?q=80&w=1000&auto=format&fit=crop
dfb95897-71ba-4ca9-b2bc-ae8891aa2473,MGM Medical College Aurangabad,Aurangabad,Maharashtra,Private,Trust,1990,150,"[""MD Medicine"",""MS Surgery"",""MD Dermatology""]",A well-established private medical college.,true,2026-04-21 11:57:14.097368+00,2026-04-21 12:10:36.822416+00,https://images.unsplash.com/photo-1516549655169-df83a0774514?q=80&w=1000&auto=format&fit=crop
e161891e-06dd-4881-bd37-5e613ba627bb,"Government Medical College, Ongole",Ongole,Andhra Pradesh,Government,State Govt,2011,80,"[""MD Medicine"",""MS Surgery"",""MD Pharmacology""]",A newer government college with expanding PG seat intake and modern teaching facilities.,true,2026-04-21 11:57:14.097368+00,2026-04-21 12:10:36.822416+00,https://images.unsplash.com/photo-1519311371416-0394335ce46a?q=80&w=1000&auto=format&fit=crop
e19f0f15-6ff1-443a-8354-c2116f77f613,Goa Medical College,Panaji,Goa,Government,State Govt,1842,180,"[""MD General Medicine"",""MS General Surgery"",""MD Radiology""]",One of the oldest medical colleges in Asia with strong academic legacy.,true,2026-04-21 11:57:14.097368+00,2026-04-21 12:10:36.822416+00,https://images.unsplash.com/photo-1519494026892-80bbd2d6fd0d?q=80&w=1000&auto=format&fit=crop
e3377167-2f19-45ef-9ede-8499b7e176eb,SN Medical College,Agra,Uttar Pradesh,Government,State Govt,1939,250,"[""MD Medicine"",""MS Surgery"",""MD Radiology""]",A reputed government institution.,true,2026-04-21 11:57:14.097368+00,2026-04-21 12:10:36.822416+00,https://images.unsplash.com/photo-1579684385127-1ef15d508118?q=80&w=1000&auto=format&fit=crop
e38be590-6220-4553-ab6f-323250a410e6,AIIMS Jhajjar (National Cancer Institute),Jhajjar,Haryana,Government,Central Govt (INI),2018,60,"[""MD Radiotherapy"",""MD Pathology"",""MD Nuclear Medicine""]",Part of AIIMS New Delhi functioning as National Cancer Institute.,true,2026-04-21 11:57:14.097368+00,2026-04-21 12:10:36.822416+00,https://images.unsplash.com/photo-1516549655169-df83a0774514?q=80&w=1000&auto=format&fit=crop
e39966fb-f232-449c-8b3b-51b246207707,Government Medical College Shivpuri,Shivpuri,Madhya Pradesh,Government,State Govt,2018,70,"[""MD Medicine"",""MS Surgery"",""MD Microbiology""]",A developing government institution.,true,2026-04-21 11:57:14.097368+00,2026-04-21 12:10:36.822416+00,https://images.unsplash.com/photo-1579684385127-1ef15d508118?q=80&w=1000&auto=format&fit=crop
e407b3f7-58d6-49ab-889b-9736cff1f70d,Navodaya Medical College,Raichur,Karnataka,Private,Trust,2001,140,"[""MD Medicine"",""MS Surgery"",""MD Pediatrics""]",A well-known private institution in North Karnataka.,true,2026-04-21 11:57:14.097368+00,2026-04-21 12:10:36.822416+00,https://images.unsplash.com/photo-1586773860418-d37222d8fce2?q=80&w=1000&auto=format&fit=crop
e52ecf23-59df-4380-852a-56d1af44a55b,Sri Devaraj Urs Medical College,Kolar,Karnataka,Deemed,Deemed University,1986,170,"[""MD Medicine"",""MS Surgery"",""MD Pediatrics""]",A well-established deemed university with strong academic reputation.,true,2026-04-21 11:57:14.097368+00,2026-04-21 12:10:36.822416+00,https://images.unsplash.com/photo-1516549655169-df83a0774514?q=80&w=1000&auto=format&fit=crop
e6a2f3a2-c5b3-4615-8981-9b74cb2dca1f,Silchar Medical College,Silchar,Assam,Government,State Govt,1968,150,"[""MD Medicine"",""MS Surgery"",""MD Obstetrics & Gynecology""]",A well-established government college serving southern Assam.,true,2026-04-21 11:57:14.097368+00,2026-04-21 12:10:36.822416+00,https://images.unsplash.com/photo-1551601651-2a8555f1a136?q=80&w=1000&auto=format&fit=crop
e6e198c6-3abd-41f3-830d-3188fefcfdd6,RNT Medical College,Udaipur,Rajasthan,Government,State Govt,1961,220,"[""MD Medicine"",""MS Surgery"",""MD Obstetrics & Gynecology""]",A major government medical college in southern Rajasthan.,true,2026-04-21 11:57:14.097368+00,2026-04-21 12:10:36.822416+00,https://images.unsplash.com/photo-1519494026892-80bbd2d6fd0d?q=80&w=1000&auto=format&fit=crop
e72bf8ca-d825-402f-bfdd-ade258a93c98,Assam Medical College,Dibrugarh,Assam,Government,State Govt,1947,200,"[""MD Medicine"",""MS Surgery"",""MD Pediatrics""]",One of the oldest medical colleges in Northeast India with strong legacy.,true,2026-04-21 11:57:14.097368+00,2026-04-21 12:10:36.822416+00,https://images.unsplash.com/photo-1519311371416-0394335ce46a?q=80&w=1000&auto=format&fit=crop
e76542ea-35e2-4642-9013-47b8e169ba18,VIMSAR,Burla,Odisha,Government,State Govt,1959,200,"[""MD Medicine"",""MS Surgery"",""MD Radiology""]",A reputed government institution in western Odisha.,true,2026-04-21 11:57:14.097368+00,2026-04-21 12:10:36.822416+00,https://images.unsplash.com/photo-1579684385127-1ef15d508118?q=80&w=1000&auto=format&fit=crop
e9dec968-3543-4e7a-bb92-2896bcde9f1b,Patna Medical College,Patna,Bihar,Government,State Govt,1925,220,"[""MD Medicine"",""MS Surgery"",""MD Pediatrics""]",One of the oldest medical colleges in India with strong legacy and excellent clinical exposure.,true,2026-04-21 11:57:14.097368+00,2026-04-21 12:10:36.822416+00,https://images.unsplash.com/photo-1551601651-2a8555f1a136?q=80&w=1000&auto=format&fit=crop
e9f097bd-112c-4eab-90c2-5fa8765cbb54,GMERS Medical College Sola,Sola,Gujarat,Government,State Govt,2012,110,"[""MD Medicine"",""MS Orthopedics"",""MD Anesthesia""]",A government-supported college in Ahmedabad with good clinical exposure.,true,2026-04-21 11:57:14.097368+00,2026-04-21 12:10:36.822416+00,https://images.unsplash.com/photo-1586773860418-d37222d8fce2?q=80&w=1000&auto=format&fit=crop
eea53f4d-d50f-4060-8519-74ad14e2d118,AIIMS Deoghar,Deoghar,Jharkhand,Government,Central Govt (INI),2019,25,"[""MD Community Medicine"",""MD Anatomy"",""MD Physiology""]",An emerging AIIMS institute with modern infrastructure and evolving academic programs.,true,2026-04-21 11:57:14.097368+00,2026-04-21 12:10:36.822416+00,https://images.unsplash.com/photo-1579684385127-1ef15d508118?q=80&w=1000&auto=format&fit=crop
eead5bbb-7bdd-4306-ae6a-617cf4665bcd,Indira Gandhi Medical College,Shimla,Himachal Pradesh,Government,State Govt,1966,150,"[""MD General Medicine"",""MS General Surgery"",""MD Radiology""]",A premier government medical college in Himachal Pradesh with strong academic reputation.,true,2026-04-21 11:57:14.097368+00,2026-04-21 12:10:36.822416+00,https://images.unsplash.com/photo-1586773860418-d37222d8fce2?q=80&w=1000&auto=format&fit=crop
f0c98308-b32f-47d1-add1-3c14ce5c4603,AIIMS Raichur,Raichur,Karnataka,Government,Central Govt (INI),2020,20,"[""MD Community Medicine"",""MD Anatomy"",""MD Physiology""]",A newly established AIIMS with modern infrastructure.,true,2026-04-21 11:57:14.097368+00,2026-04-21 12:10:36.822416+00,https://images.unsplash.com/photo-1586773860418-d37222d8fce2?q=80&w=1000&auto=format&fit=crop
f26ba13c-7762-4974-981f-539cfb8f55ca,Father Muller Medical College,Mangaluru,Karnataka,Private,Trust,1999,150,"[""MD Medicine"",""MS Surgery"",""MD Dermatology""]",A reputed private institution known for strong clinical departments.,true,2026-04-21 11:57:14.097368+00,2026-04-21 12:10:36.822416+00,https://images.unsplash.com/photo-1579684385127-1ef15d508118?q=80&w=1000&auto=format&fit=crop
f49c027c-624d-49d8-a375-da1ad7756378,Government Medical College Aurangabad,Aurangabad,Maharashtra,Government,State Govt,1956,200,"[""MD Medicine"",""MS Surgery"",""MD Obstetrics & Gynecology""]",A well-established government college serving Marathwada.,true,2026-04-21 11:57:14.097368+00,2026-04-21 12:10:36.822416+00,https://images.unsplash.com/photo-1519494026892-80bbd2d6fd0d?q=80&w=1000&auto=format&fit=crop
f49e1085-c039-4e2b-997f-813703814001,Coimbatore Medical College,Coimbatore,Tamil Nadu,Government,State Govt,1966,250,"[""MD Medicine"",""MS Surgery"",""MD Radiology""]",A leading government medical college in western Tamil Nadu.,true,2026-04-21 11:57:14.097368+00,2026-04-21 12:10:36.822416+00,https://images.unsplash.com/photo-1519494026892-80bbd2d6fd0d?q=80&w=1000&auto=format&fit=crop
f4bb46a6-2558-4377-8933-359f0c1be545,Rajendra Institute of Medical Sciences,Ranchi,Jharkhand,Government,State Govt,1960,180,"[""MD General Medicine"",""MS General Surgery"",""MD Radiology""]",The premier government medical institute of Jharkhand.,true,2026-04-21 11:57:14.097368+00,2026-04-21 12:10:36.822416+00,https://images.unsplash.com/photo-1519494026892-80bbd2d6fd0d?q=80&w=1000&auto=format&fit=crop
f5ef640c-51f6-420f-9f78-cd23a0dcdeeb,Darbhanga Medical College,Darbhanga,Bihar,Government,State Govt,1946,180,"[""MD Medicine"",""MS Surgery"",""MD Obstetrics & Gynecology""]",A reputed government institution serving North Bihar with strong clinical training.,true,2026-04-21 11:57:14.097368+00,2026-04-21 12:10:36.822416+00,https://images.unsplash.com/photo-1579684385127-1ef15d508118?q=80&w=1000&auto=format&fit=crop
f677f884-c14f-4596-8e89-ee32d68c92f6,AIIMS Nagpur,Nagpur,Maharashtra,Government,Central Govt (INI),2018,60,"[""MD General Medicine"",""MD Community Medicine"",""MD Pathology""]",An emerging AIIMS with modern infrastructure.,true,2026-04-21 11:57:14.097368+00,2026-04-21 12:10:36.822416+00,https://images.unsplash.com/photo-1519494026892-80bbd2d6fd0d?q=80&w=1000&auto=format&fit=crop
f680a726-d4c7-4fb0-bf8f-66875bbda301,Jorhat Medical College,Jorhat,Assam,Government,State Govt,2009,120,"[""MD Medicine"",""MS Surgery"",""MD Anesthesia""]",A relatively newer government college with expanding PG programs.,true,2026-04-21 11:57:14.097368+00,2026-04-21 12:10:36.822416+00,https://images.unsplash.com/photo-1579684385127-1ef15d508118?q=80&w=1000&auto=format&fit=crop
f83d6ef2-75ad-4b9c-939d-f1b61406bbd0,SBKS Medical Institute & Research Centre,Vadodara,Gujarat,Private,Private University,2003,140,"[""MD Medicine"",""MS Surgery"",""MD Radiology""]",Part of Sumandeep Vidyapeeth with modern infrastructure.,true,2026-04-21 11:57:14.097368+00,2026-04-21 12:10:36.822416+00,https://images.unsplash.com/photo-1551601651-2a8555f1a136?q=80&w=1000&auto=format&fit=crop
f870c8a5-5e58-4261-b22b-6076429da982,Government Medical College Jamnagar,Jamnagar,Gujarat,Government,State Govt,1955,220,"[""MD Medicine"",""MS Surgery"",""MD Radiology""]",A prominent government college with strong academic reputation.,true,2026-04-21 11:57:14.097368+00,2026-04-21 12:10:36.822416+00,https://images.unsplash.com/photo-1519494026892-80bbd2d6fd0d?q=80&w=1000&auto=format&fit=crop
f9872f2a-e3a1-49a9-b06e-f5e7ddb94c2d,Vinayaka Missions Medical College,Salem,Tamil Nadu,Deemed,Deemed University,1995,200,"[""MD Medicine"",""MS Surgery"",""MD Pathology""]",A well-known deemed university.,true,2026-04-21 11:57:14.097368+00,2026-04-21 12:10:36.822416+00,https://images.unsplash.com/photo-1519494026892-80bbd2d6fd0d?q=80&w=1000&auto=format&fit=crop
faa5b03f-8926-4a14-a7e5-21769ec8c476,IMS and SUM Hospital,Bhubaneswar,Odisha,Deemed,Deemed University,2007,180,"[""MD Medicine"",""MS Surgery"",""MD Radiology""]",A reputed deemed institution under SOA University.,true,2026-04-21 11:57:14.097368+00,2026-04-21 12:10:36.822416+00,https://images.unsplash.com/photo-1586773860418-d37222d8fce2?q=80&w=1000&auto=format&fit=crop
fad833ad-f79e-4b8d-9fc3-af40d357130a,JSS Medical College,Mysuru,Karnataka,Deemed,Deemed University,1984,200,"[""MD Medicine"",""MS Surgery"",""MD Radiology""]",A well-known deemed medical college with strong academic performance.,true,2026-04-21 11:57:14.097368+00,2026-04-21 12:10:36.822416+00,https://images.unsplash.com/photo-1551601651-2a8555f1a136?q=80&w=1000&auto=format&fit=crop
fc97be68-26fc-4c6b-94b6-3ad0185318ec,Kurnool Medical College,Kurnool,Andhra Pradesh,Government,State Govt,1956,200,"[""MD Medicine"",""MS Surgery"",""MD Anesthesia""]",Known for strong clinical departments and high patient load providing extensive hands-on experience.,true,2026-04-21 11:57:14.097368+00,2026-04-21 12:10:36.822416+00,https://images.unsplash.com/photo-1519311371416-0394335ce46a?q=80&w=1000&auto=format&fit=crop
fd032ecf-3da5-4abc-8345-e66de6db2942,Raipur Institute of Medical Sciences,Raipur,Chhattisgarh,Private,Trust,2012,80,"[""MD Medicine"",""MS Surgery"",""MD Dermatology""]",A private medical college with modern infrastructure and growing reputation.,true,2026-04-21 11:57:14.097368+00,2026-04-21 12:10:36.822416+00,https://images.unsplash.com/photo-1579684385127-1ef15d508118?q=80&w=1000&auto=format&fit=crop
fd284f82-bbce-4b2a-8dda-afac2851b5ac,Dr. Pinnamaneni Siddhartha Institute of Medical Sciences,Vijayawada,Andhra Pradesh,Private,Trust,2002,120,"[""MD Medicine"",""MS ENT"",""MD Dermatology""]",A well-known private college with balanced academic and clinical exposure.,true,2026-04-21 11:57:14.097368+00,2026-04-21 12:10:36.822416+00,https://images.unsplash.com/photo-1516549655169-df83a0774514?q=80&w=1000&auto=format&fit=crop
fe320f2d-2add-40de-bfd4-b392527d234d,GMERS Medical College Valsad,Valsad,Gujarat,Government,State Govt,2017,70,"[""MD Medicine"",""MS Surgery"",""MD Community Medicine""]",A developing GMERS college with expanding PG intake.,true,2026-04-21 11:57:14.097368+00,2026-04-21 12:10:36.822416+00,https://images.unsplash.com/photo-1519311371416-0394335ce46a?q=80&w=1000&auto=format&fit=crop
fea3ac74-3286-45fb-aeea-3264b233cb5a,Gayatri Vidya Parishad Institute of Health Care & Medical Technology,Visakhapatnam,Andhra Pradesh,Private,Trust,2016,80,"[""MD Medicine"",""MS Surgery"",""MD Microbiology""]",A relatively new college with modern facilities and structured academics.,true,2026-04-21 11:57:14.097368+00,2026-04-21 12:10:36.822416+00,https://images.unsplash.com/photo-1579684385127-1ef15d508118?q=80&w=1000&auto=format&fit=crop
ff34c695-20b8-416b-9032-b397a5377cd8,Fakhruddin Ali Ahmed Medical College,Barpeta,Assam,Government,State Govt,2011,90,"[""MD Medicine"",""MS Surgery"",""MD Pharmacology""]",A government medical college with expanding PG education.,true,2026-04-21 11:57:14.097368+00,2026-04-21 12:10:36.822416+00,https://images.unsplash.com/photo-1516549655169-df83a0774514?q=80&w=1000&auto=format&fit=crop
ff47b940-5317-4236-ba27-cd22a684a0bd,Anugrah Narayan Magadh Medical College,Gaya,Bihar,Government,State Govt,1969,140,"[""MD Medicine"",""MS Surgery"",""MD Pathology""]",A well-established government college with good regional reputation.,true,2026-04-21 11:57:14.097368+00,2026-04-21 12:10:36.822416+00,https://images.unsplash.com/photo-1516549655169-df83a0774514?q=80&w=1000&auto=format&fit=crop